variant_A,variant_B,ces_A0,ces_B0,ces_A_on_B,ces_B_on_A,p_A_change,p_B_change,p_epistasis,expected_nAB_epistasis,expected_nAB_null,AB_epistatic_ratio,ces_A_null,ces_B_null,nA0,nB0,nAB,n00,n_total,ci_low_95_ces_A0,ci_high_95_ces_A0,ci_low_95_ces_B0,ci_high_95_ces_B0,ci_low_95_ces_A_on_B,ci_high_95_ces_A_on_B,ci_low_95_ces_B_on_A,ci_high_95_ces_B_on_A
APC,ARID1A,1162.3506926775,315.631149870335,0.001,0.001,0.914102654762753,0.899774714483071,0.822528243434004,3.73639423780544e-07,0.171803076704158,2.17481218001668e-06,1136.08231302028,304.588193917465,4,3,0,67,74,360.775137591089,2701.29227551716,78.4779841324091,818.802386042617,,27740.7905574094,,6164.22790953414
APC,ARID1B,1160.23709818023,720.831758947715,0.001,0.001,0.920618147028589,0.914163713490103,0.841629603688716,2.17056785090791e-07,0.179769180279008,1.20741934047823e-06,1136.08231302028,699.354905476331,4,3,0,67,74,360.125704396297,2696.32291855704,179.233914004214,1869.81607227053,,30051.452201492,,16713.0924268647
APC,ARID2,869.767555220852,1404.82294089228,12571.7676287572,0.001,0.798203936037382,0.981090259948555,0.376065303818605,1.05628976566258,0.228230949927658,4.62816180714049,1136.08231301371,1367.81027207465,3,3,1,67,74,216.269808136715,2256.08157579781,436.01532485513,3265.11249180197,681.584679112513,71784.111298223,,45822.4051496838
APC,ATM,1144.24870292173,181.935899487034,0.001,0.001,0.972232984478728,0.968083456212377,0.941207047568869,2.00050100611707e-07,0.0594966131364211,3.36237795843954e-06,1136.08231302028,176.109955095365,4,1,0,69,74,355.181012470104,2658.93666639561,10.3805313590582,801.221174757379,,135587.947889482,,11658.6512742834
APC,BAP1,,,,,,,,,,,,,4,0,0,70,74,,,,,,,,
APC,BRAF,,,,,,,,,,,,,4,0,0,70,74,,,,,,,,
APC,BRCA2,,,,,,,,,,,,,4,0,0,70,74,,,,,,,,
APC,ERBB2,1172.78365104584,1762.42077735544,0.001,0.001,0.882466545352011,0.884712232088989,0.780794037261496,1.87752319011358e-07,0.242704263022801,7.73584759793527e-07,1136.08231301451,1708.44525395423,4,4,0,66,74,363.998625110536,2725.76982280173,547.027586766336,4095.99076055938,,19364.6762636503,,29825.5231922464
APC,ERBB3,1259.04595522773,3463.48054553324,0.001,0.001,0.87534934226172,0.874707607802341,0.765755601100222,1.48847955017128e-07,0.251009720675077,5.92996775650004e-07,1217.07035871895,3347.56672356445,4,4,0,60,68,390.755793334482,2926.51034462305,1074.96430571635,8049.99444914852,,19600.3118005529,,53390.4276960723
APC,ERBB4,1144.69852695405,242.240706809852,0.001,0.001,0.970730546749534,0.969404276038888,0.941035139620494,1.64707813107151e-07,0.0623864198238271,2.64012285962665e-06,1136.08231302028,234.801311059853,4,1,0,69,74,355.318842633699,2659.98891900426,13.8212836259199,1066.80088343199,,128403.058270184,,16336.3469294097
APC,FBXW7,1150.36671385454,988.197644299172,0.001,0.001,0.896205168156975,0.942888801138311,0.897768899305264,1.24817958083211e-07,0.124930450598256,9.99099558878506e-07,1136.08231302028,959.382208997224,4,2,0,68,74,357.073257438325,2673.2240583556,164.301793475339,3052.10765618329,,55623.737539652,,35261.3527620245
APC,FGFR2,,,,,,,,,,,,,4,0,0,70,74,,,,,,,,
APC,GNAS,1146.95102331026,375.235275044713,0.001,0.001,0.963207872741199,0.972067868887512,0.936310026980234,1.18916015182016e-07,0.0637297885153283,1.86594084104663e-06,1136.08231302028,364.69091774081,4,1,0,69,74,356.012071357402,2665.29760468624,21.4092333372828,1652.52376103462,,101320.383862749,,28286.7291266048
APC,IDH2,1142.53665728536,2549.43139393564,0.001,0.001,0.977870968354463,0.979643345675416,0.957966985836242,3.34287912767683e-08,0.0507310420915206,6.58941545424232e-07,1136.08231302317,2497.33029491362,4,1,0,69,74,354.651291306943,2654.9036370579,145.463297929784,11226.4791588232,,170956.256612984,,265140.264225886
APC,KMT2C,865.529173376769,591.135989459255,16789.2555634641,0.001,0.880651435454939,0.986938382017416,0.304241336667787,1.00375517333479,0.176542505855084,5.6856288998114,1136.08231301932,576.506898673477,3,2,1,68,74,215.214596769366,2245.11731216528,146.98399593804,1533.41709760528,883.119379575957,123465.540584728,,27210.4692461125
APC,KRAS,1260.94473608223,16346.959525868,0.001,0.001,0.66281123681135,0.76371255159389,0.506477955432198,2.90133877624277e-07,0.575525858110009,5.04119621274809e-07,1136.08231300958,15930.2202228034,4,11,0,59,74,391.195685606551,2933.07621956073,8482.31010927027,28026.093496533,,5729.79383450087,,125439.610599285
APC,MED12,1142.84001963421,306.68676717863,0.001,0.001,0.976996207483448,0.971307740373705,0.948967809943509,1.35624000432337e-07,0.0623587843927542,2.17489807976591e-06,1136.08231302028,297.867235812778,4,1,0,69,74,354.744582793552,2655.61133765484,17.4990427787877,1350.66159512142,,164266.523746461,,22167.1307666849
APC,NF1,1158.12193322082,837.374838403607,0.001,0.001,0.927318313591883,0.915053118753296,0.848575608858398,2.00080597811958e-07,0.181440299332664,1.10273516163638e-06,1136.08231302028,812.710687781804,4,3,0,67,74,359.472489649982,2691.36224468783,208.213673265536,2172.06333353279,,33152.3150944041,,19684.696602756
APC,NRAS,,,,,,,,,,,,,4,0,0,70,74,,,,,,,,
APC,PBRM1,1149.52258774725,633.437892122362,0.001,0.001,0.954892144453761,0.943412474143437,0.900868589690134,1.62150990273835e-07,0.124788248200262,1.29940913998258e-06,1136.08231302028,615.154863545168,4,2,0,68,74,356.813449581491,2671.22776316269,105.318788569234,1956.36857188409,,58134.2011987698,,22827.4453980014
APC,PIK3CA,1163.76019809319,1025.83340339054,0.001,0.001,0.818797610163846,0.900045936172467,0.818922158451684,1.77685278260863e-07,0.17903961355611,9.92435555079978e-07,1136.08231302028,989.995686923286,4,3,0,67,74,361.20919588522,2704.6461489995,255.053880722166,2661.38756407935,,26542.2481184593,,20168.06108195
APC,POLE,1153.25603395198,219.563109373838,0.001,0.001,0.942644165850036,0.968452294460389,0.912916376896574,1.67658813192938e-07,0.0581909545676338,2.88118341482218e-06,1136.08231302028,212.586197804593,4,1,0,69,74,357.94778515201,2680.26288077806,12.5272668103175,966.943604308808,,63747.7931985096,,14210.4133516265
APC,PTPRT,,,,,,,,,,,,,4,0,0,70,74,,,,,,,,
APC,RASA1,1142.83501034386,314.56988947071,0.001,0.001,0.977007189075298,0.97293701911682,0.950569898550273,1.35742331597299e-07,0.0637334406391314,2.12984471316861e-06,1136.08231302028,306.025946873843,4,1,0,69,74,354.743522613964,2655.60338347247,17.9481125166112,1385.30486078374,,164436.207810645,,24611.3819688986
APC,ROS1,,,,,,,,,,,,,4,0,0,70,74,,,,,,,,
APC,SF3B1,1148.89793913294,890.245071051915,0.001,0.001,0.957049120315391,0.933837526312327,0.893741104850836,1.2834735218549e-07,0.120899851909634,1.06160057401413e-06,1136.08231302028,860.127605376301,4,2,0,68,74,356.620310702371,2669.76526288992,148.01336102668,2749.68197407567,,61613.606512934,,27050.0817899396
APC,SMAD4,892.380271270462,2591.52678762665,6002.02414008722,0.001,0.849968497939941,0.965671931696825,0.641608898092139,0.990154450278038,0.395232619455383,2.50524476355832,1136.08231301976,2516.73934833631,3,6,1,64,74,221.87149094665,2315.20234985925,1112.93432575212,5016.35703451931,333.440134329692,29675.3950929645,,45233.8532216225
APC,TP53,1300.48453935883,1543.50703703432,0.001,23186.1404754947,0.966597958717083,0.739690030034692,0.0895402325535823,3.03323555889712,1.01926274183949,2.97591134688487,1136.08231301556,1835.80904332071,1,15,3,55,74,403.44221125345,3025.33560755844,886.998941215209,2466.32633191166,,10095.3191905271,4181.76823063391,339602.809427171
ARID1A,ARID1B,310.584823846442,715.31343524147,0.001,0.001,0.943871218422398,0.935206710336077,0.882732312286296,3.10179304480879e-07,0.126877093228458,2.44472265708643e-06,304.588193916872,699.354905480027,3,3,0,68,74,77.229556026283,805.580455760428,177.867359399581,1855.37469568115,,11620.8976187529,,22887.4571790023
ARID1A,ARID2,316.266173633244,1403.74183465925,0.001,0.001,0.894499697577739,0.903307893297494,0.80806282659272,3.68494427303509e-07,0.175387499154556,2.10103017079217e-06,304.588193916356,1367.81027208484,3,4,0,67,74,78.6352484679687,820.47002655181,435.676744647224,3262.66370529735,,5825.20789135886,,29660.5395918279
ARID1A,ATM,306.675920153835,180.138379253991,0.001,0.001,0.979961730376129,0.977710219951848,0.958120742314489,1.98253404767087e-07,0.0432433817166163,4.58459530446269e-06,304.588193916872,176.109955095365,3,1,0,70,74,76.2601622025384,795.385234520497,10.2781315530903,793.252800013475,,50780.7191876423,,17243.2844642698
ARID1A,BAP1,,,,,,,,,,,,,3,0,0,71,74,,,,,,,,
ARID1A,BRAF,,,,,,,,,,,,,3,0,0,71,74,,,,,,,,
ARID1A,BRCA2,,,,,,,,,,,,,3,0,0,71,74,,,,,,,,
ARID1A,ERBB2,313.547063015695,1745.36756706368,0.001,0.001,0.917598209394698,0.919162345952308,0.843452104759167,3.3876010994971e-07,0.168216489208017,2.01383414637074e-06,304.588193917219,1708.44525395877,3,4,0,67,74,77.9637105775476,813.318427024867,541.758309622782,4055.9251814105,,7524.55957785316,,44401.6039287443
ARID1A,ERBB3,223.515338652242,3401.61133536559,0.001,0.001,0.938102677449094,0.938916909933227,0.88082101618612,3.13242283410398e-07,0.123197774233511,2.54259693699233e-06,216.426011524853,3347.56672364534,2,4,0,62,68,37.1613821497792,690.396979115916,1055.84612021094,7904.8270019319,,7240.72191773519,,125278.559218351
ARID1A,ERBB4,306.57781753769,239.823947442386,0.000999999999976353,0.001,0.980880809999159,0.97912962871503,0.960411466850239,1.65542129052908e-07,0.0428876710870361,3.85990017310471e-06,304.588193916872,234.801311059853,3,1,0,70,74,76.2358881238334,795.128104942377,13.6836291818608,1056.07654318681,,53247.3447621438,,24530.4534115411
ARID1A,FBXW7,309.714088392688,979.842739030746,0.001,0.001,0.911045964321931,0.958963573337656,0.91263559080992,1.90739853903575e-07,0.0853382062649189,2.23510502800415e-06,304.588193917153,959.382209006246,3,2,0,69,74,77.012872106495,803.326290671865,162.917393288266,3026.07209274612,,14579.3969710334,,50320.6172849823
ARID1A,FGFR2,,,,,,,,,,,,,3,0,0,71,74,,,,,,,,
ARID1A,GNAS,307.829634185989,372.876864111441,0.001,0.001,0.969057987776607,0.978175966424397,0.947913202140936,1.32661930318193e-07,0.0428481978953452,3.09609124384213e-06,304.588193916872,364.69091774081,3,1,0,70,74,76.545484053896,798.422030688029,21.2750896557918,1642.04925641675,,32520.5864057123,,36443.9525881165
ARID1A,IDH2,203.054251768531,2528.67299923734,141275915.03756,0.001,0.846178437796615,0.962786540543059,0.0275746829162387,0.999803221764585,0.0369003567441855,27.0946763115543,304.588193916872,2497.33029488685,2,0,1,71,74,33.7624919968204,627.085223984046,144.278985629936,11134.581518703,2920.79156385355,,,746712.594210594
ARID1A,KMT2C,313.335922403257,590.569875538559,0.001,0.001,0.919471732605158,0.931243164572517,0.856281454180135,3.41785669262344e-07,0.130806961764075,2.6129012145301e-06,304.588193916872,576.506898674456,3,3,0,68,74,77.9093757517581,812.808099955504,146.843504426399,1531.95545647181,,7984.498938355,,17811.3088234447
ARID1A,KRAS,333.34700887501,16303.1999372779,0.001,0.001,0.765199828641592,0.783386631196077,0.599640455615509,7.46954282947188e-07,0.421665067613391,1.77143979977977e-06,304.588193916729,15930.2202228255,3,11,0,60,74,82.868007806247,865.098195491273,8459.68937627023,27950.6808597513,,2346.80296129785,,140905.614319913
ARID1A,MED12,305.890921011046,304.187043483685,0.001,0.001,0.987463749225857,0.979284468021115,0.9670093080631,1.44158493803684e-07,0.0424376607004816,3.39694722621805e-06,304.588193916872,297.867235811976,3,1,0,70,74,76.0657556789495,793.330912420851,17.3559533689276,1339.51669433825,,81648.2756633737,,31359.0348602378
ARID1A,NF1,311.156652133069,831.787351128725,0.001,0.001,0.938728525192452,0.93342196119448,0.876248677133905,2.94573570099044e-07,0.125689913482132,2.34365321717657e-06,304.588193916903,812.710687779919,3,3,0,68,74,77.3711541579982,807.077464329254,206.830898693491,2157.45520803606,,10565.7609421645,,25921.4756842805
ARID1A,NRAS,,,,,,,,,,,,,3,0,0,71,74,,,,,,,,
ARID1A,PBRM1,308.217596446353,312.095042457374,0.001,19085.8472539676,0.982638522246953,0.735835524885285,0.131858089638924,0.991201430311331,0.0846796382152623,11.7053101690352,304.588193916872,615.154863545168,2,1,1,70,74,76.6406354907438,799.44779613502,17.8073656357177,1374.27971282945,,53419.8940470561,1006.43677440084,137386.139855051
ARID1A,PIK3CA,313.410174971111,1012.49213465832,0.001,0.001,0.859720634780117,0.935814843861923,0.859851417039564,2.95147510247056e-07,0.132176840886962,2.2329744625949e-06,304.588193916872,989.995686927016,3,3,0,68,74,77.9275117270095,813.01118709395,251.75399634122,2626.39602785326,,7954.29009193963,,32798.8229499132
ARID1A,POLE,307.292088034051,217.364805019637,0.001,0.001,0.974122511859269,0.978124394246685,0.952816224539097,1.77578620475394e-07,0.0433854585842569,4.09304468063942e-06,304.588193916356,212.586197804566,3,1,0,70,74,76.41237769786,797.002079601278,12.4020883235083,957.204534228323,,39073.116798347,,21153.3499945194
ARID1A,PTPRT,,,,,,,,,,,,,3,0,0,71,74,,,,,,,,
ARID1A,RASA1,305.889872666592,312.246827963141,0.001,0.001,0.987469716610471,0.980130605248236,0.967850520537965,1.41655726025071e-07,0.0422765582420198,3.35069201267845e-06,304.588193916872,306.025946873843,3,1,0,70,74,76.0654774321023,793.328009562047,17.8159030151522,1374.98037223071,,81731.7644428655,,33621.1330330628
ARID1A,ROS1,,,,,,,,,,,,,3,0,0,71,74,,,,,,,,
ARID1A,SF3B1,308.689294992368,879.203666377166,0.001,0.001,0.961133639393512,0.95731764582753,0.920117306389902,2.02375435298446e-07,0.0880966349944035,2.29719824498748e-06,304.588193916602,860.127605371454,3,2,0,69,74,76.7595281237135,800.636407218491,146.184594499547,2715.25960862745,,18237.9947000241,,43385.9686392489
ARID1A,SMAD4,324.386020695963,2581.41761169859,0.001,0.001,0.829750625184569,0.842147221727267,0.698902821832242,5.89615808753441e-07,0.30333279651302,1.94379182050673e-06,304.58819391662,2516.7393483453,3,7,0,64,74,80.6466840236345,841.702587048164,1108.63130407891,4996.49813871735,,3383.26157540366,,31994.8092208283
ARID1A,TP53,354.776701011248,1884.14749417015,0.001,0.001,0.636218368634364,0.650137581543387,0.414095996310822,1.57930750011026e-06,0.74913141884112,2.10818483965523e-06,304.588193916638,1835.80904332589,3,18,0,53,74,88.1750042305019,921.150756501469,1140.20088095413,2900.6553082768,,1412.86636399576,,9088.41978945328
ARID1B,ARID2,719.367775171902,1397.2805855188,0.001,0.001,0.919687817060572,0.919578220232468,0.845757592669014,1.89906372032381e-07,0.168689049483998,1.12577771119871e-06,699.354905477337,1367.81027206381,3,4,0,67,74,178.873422106396,1865.94066618737,433.687622777033,3247.39635536375,,17739.8355653964,,35675.2254874317
ARID1B,ATM,704.216187365521,179.559989396072,0.001,0.001,0.979648835026854,0.980852295023905,0.960892623016749,1.59250849843078e-07,0.0439107050205858,3.62669763030266e-06,699.354905481499,176.109955095365,3,1,0,70,74,175.116323147921,1826.40658843321,10.2452090007794,790.685759560897,,114771.012676266,,20114.9653612532
ARID1B,BAP1,,,,,,,,,,,,,3,0,0,71,74,,,,,,,,
ARID1B,BRAF,,,,,,,,,,,,,3,0,0,71,74,,,,,,,,
ARID1B,BRCA2,,,,,,,,,,,,,3,0,0,71,74,,,,,,,,
ARID1B,ERBB2,715.351126103171,1299.89511457709,0.001,26559.868942255,0.994999154445515,0.942909693789381,0.292006362706786,1.05889264158501,0.179982874519865,5.8832966436934,699.354905476083,1708.44525395026,2,3,1,68,74,177.877910975325,1855.44967903528,323.232458407108,3371.55588378298,,38004.5146392211,1403.11200008955,187918.164407439
ARID1B,ERBB3,781.880652589257,3425.40876471334,0.001,0.001,0.902024776155533,0.913622184829902,0.82415202605146,1.58837695454772e-07,0.18721634063052,8.48417904761024e-07,755.156715151381,3347.56672367054,3,4,0,61,68,194.406536939187,2028.3332829156,1063.20752911679,7960.50339105842,,15657.3925175495,,81166.102678639
ARID1B,ERBB4,705.225441459388,239.635160081358,0.001,0.001,0.975487696213592,0.979913668839764,0.955896175403789,1.33175344433235e-07,0.0457628302798752,2.91012036665487e-06,699.354905481499,234.801311062041,3,1,0,70,74,175.365977664539,1829.05714863042,13.6728684385206,1055.24140228061,,94901.4954664174,,25637.9304247104
ARID1B,FBXW7,708.567640463697,979.283123459783,0.001,0.001,0.921857805833729,0.960016210040104,0.923466297221132,1.15661276927498e-07,0.0906601135747961,1.27576805683213e-06,699.354905480027,959.382209004257,3,2,0,69,74,176.195573061204,1837.75706747914,162.824901002238,3024.32483997321,,43196.3259307273,,51556.3612289431
ARID1B,FGFR2,,,,,,,,,,,,,3,0,0,71,74,,,,,,,,
ARID1B,GNAS,705.991292626841,373.607421572088,0.001,0.001,0.972377550650043,0.976260539372448,0.949297654899937,1.01046234623082e-07,0.0471885778183694,2.14132824710277e-06,699.354905481499,364.69091774081,3,1,0,70,74,175.554663653476,1831.06557644285,21.3165891694515,1645.28898550153,,83892.7826017432,,33472.0851192509
ARID1B,IDH2,703.770670843518,2567.3942861446,0.001,0.001,0.981536651351015,0.972805039516495,0.954846211305107,3.57701760494641e-08,0.0378359776959137,9.45401129500277e-07,699.354905481499,2497.33029488685,3,1,0,70,74,175.006212991675,1825.23979071175,146.484629009675,11306.5730856844,,126661.049323344,,203341.073383312
ARID1B,KMT2C,715.106208092232,588.33395561509,0.001,0.001,0.936032666833289,0.941670336656619,0.881453750318689,2.13844465696798e-07,0.130250635661586,1.64179210804317e-06,699.354905479307,576.506898674456,3,3,0,68,74,177.815907511073,1854.83852186666,146.290130144485,1526.07826099748,,23286.0966990474,,21098.5249158801
ARID1B,KRAS,771.956037912912,16396.5644552714,0.001,0.001,0.746195536726261,0.738286429512892,0.551136135745785,3.43221018953011e-07,0.431070897571729,7.9620549864631e-07,699.354905475923,15930.2202234046,3,11,0,60,74,191.889961073492,2003.66097817156,8507.10337338913,28115.8095067844,,4949.27197293277,,115471.347571647
ARID1B,MED12,698.869150665863,0.001,4030.79548058085,16338.537297014,0.999998911479108,1,0.0393021641435651,0.948836436334918,0.0458552005138036,20.6920136800905,699.354905481499,297.867235812778,2,0,1,71,74,173.789889840638,1812.44152123684,,659.303408671268,,,863.786237776585,114462.624197105
ARID1B,NF1,713.319663865019,829.87201283304,0.001,0.001,0.943063626909584,0.93970333193355,0.88621524582481,1.85219898720529e-07,0.134210835395386,1.38006665538494e-06,699.354905476261,812.710687779919,3,3,0,68,74,177.371796951188,1850.12778037475,206.366136588924,2152.5128676939,,26271.2925974672,,28616.1310892456
ARID1B,NRAS,,,,,,,,,,,,,3,0,0,71,74,,,,,,,,
ARID1B,PBRM1,707.700940235807,627.735166707665,0.001,0.001,0.965438161920902,0.960525949789126,0.927333947126055,1.43539075063426e-07,0.0911608682047089,1.57456897778878e-06,699.354905478534,615.154863544753,3,2,0,69,74,175.980945271832,1835.47552523951,104.373859251305,1938.59960423654,,47078.0513407229,,33571.8488378417
ARID1B,PIK3CA,716.069404130368,1010.80643098799,0.001,0.001,0.876547826362414,0.940304281576194,0.876681169204008,1.6614161176421e-07,0.131123690927327,1.26706021306471e-06,699.354905474789,989.995686927643,3,3,0,68,74,178.053509941021,1857.38142176999,251.336285374518,2621.98900209361,,22102.4688486803,,35627.1721843925
ARID1B,POLE,707.672590578101,217.324026653161,0.001,0.001,0.965519385696263,0.978342883844488,0.944613162628523,1.36193165807107e-07,0.0433271981581601,3.143364251479e-06,699.354905475865,212.586197804619,3,1,0,70,74,175.969348932779,1835.49870774897,12.3996678529287,957.01448127819,,66810.6795815954,,21344.1271151184
ARID1B,PTPRT,,,,,,,,,,,,,3,0,0,71,74,,,,,,,,
ARID1B,RASA1,698.839554118639,0.001,4451.24211915671,18482.3155853718,0.999998832879526,1,0.0357062803128686,1.01992667942759,0.0468044657484749,21.7912257541542,699.354905481499,306.025946873843,2,0,1,71,74,173.783490027157,1812.37413962983,,674.464068325612,,,976.820118531227,130133.839890756
ARID1B,ROS1,,,,,,,,,,,,,3,0,0,71,74,,,,,,,,
ARID1B,SF3B1,707.160932708273,878.367142428092,0.001,0.001,0.967644562988085,0.959111427548656,0.928084479580225,1.18717280973022e-07,0.0888571340883307,1.33604670228288e-06,699.354905481499,860.127605371454,3,2,0,69,74,175.847688228129,1834.06739559687,146.045878485758,2712.65234332582,,50431.9895300017,,45417.2435891258
ARID1B,SMAD4,739.426630042903,2571.63720719331,0.001,0.001,0.84758821161836,0.86378539789957,0.732230048278723,2.85160647241212e-07,0.295667069688882,9.64465361466443e-07,699.354905480276,2516.73934831256,3,7,0,64,74,183.842402241149,1918.38543753527,1104.47837752113,4977.2190261473,,8736.15584843393,,37424.2857025504
ARID1B,TP53,814.461105585033,1764.91975140906,0.001,5339.74572625087,0.950995577745976,0.919840678790179,0.895778931242554,1.03057901413912,0.758535308178455,1.35864343166035,699.354905476152,1835.80904332341,2,17,1,54,74,202.417175306247,2114.86944027443,1051.54329001591,2747.99560535556,,5493.26297836696,283.848656819945,36188.540350882
ARID2,ATM,1378.5569917116,181.673961920383,0.001,0.001,0.96969665924124,0.969478618851396,0.940104949706332,1.88838702351851e-07,0.0575693969664799,3.28019246860972e-06,1367.81027208484,176.109955095365,4,1,0,69,74,427.896847578618,3203.61609567649,10.3656480795126,800.046819465426,,149225.10866506,,12100.5065557761
ARID2,BAP1,,,,,,,,,,,,,4,0,0,70,74,,,,,,,,
ARID2,BRAF,,,,,,,,,,,,,4,0,0,70,74,,,,,,,,
ARID2,BRCA2,,,,,,,,,,,,,4,0,0,70,74,,,,,,,,
ARID2,ERBB2,1410.08323164394,1755.29668932906,0.001,0.001,0.887081567689559,0.898911126139215,0.79746276546385,1.53493744714517e-07,0.222181231281449,6.90849284744841e-07,1367.81027208484,1708.44525395463,4,4,0,66,74,437.643380862769,3277.41071665644,544.830842423298,4079.12874170714,,24232.8399113928,,34058.2919152364
ARID2,ERBB3,1140.98210040999,3410.96168113471,13690.2866998941,888.574241333128,0.977407832154347,0.999897487214409,0.4359076713332,0.997381302392166,0.243802855614901,4.09093363519737,1472.49942332255,3347.5667236074,3,3,1,61,68,283.712858662867,2959.48538438226,1043.46317472889,7956.96547116256,462.923644682826,80224.1913032435,,126990.221280531
ARID2,ERBB4,1377.31368629119,241.039140685844,0.001,0.001,0.973118172477129,0.974216471725629,0.948031498230027,1.45221939632043e-07,0.0569032138410101,2.55208677734441e-06,1367.81027208037,234.801311059853,4,1,0,69,74,427.512083472977,3200.6782746772,13.7529139358534,1061.44131242634,,168703.073342873,,19133.1576999662
ARID2,FBXW7,1391.79749575215,985.873237059573,0.001,0.001,0.883135572456188,0.947362000983988,0.884676499562635,1.03687040489599e-07,0.112729829987497,9.19783525807669e-07,1367.81027206647,959.382208997649,4,2,0,68,74,431.986478315459,3234.64498829549,163.91832290151,3044.77828859372,,47168.7977082674,,37726.5518171965
ARID2,FGFR2,,,,,,,,,,,,,4,0,0,70,74,,,,,,,,
ARID2,GNAS,1382.99750995223,374.245506256349,0.001,0.001,0.957392890506707,0.97464325860526,0.933123229508557,1.01426442247147e-07,0.0568491948602797,1.78413155184389e-06,1367.81027208484,364.69091774081,4,1,0,69,74,429.262206478198,3214.1001152368,21.3530830199824,1648.08314362414,,104758.619340411,,30397.7008747537
ARID2,IDH2,1376.12328213482,2547.27512567564,0.001,0.00099999999991951,0.976366580141539,0.980478681866115,0.957309053632906,2.92949215584433e-08,0.0504230724359136,5.80982477727361e-07,1367.81027208484,2497.33029491362,4,1,0,69,74,427.144957056954,3197.88185921821,145.33992716463,11216.8348676816,,192454.82958493,,275384.504352141
ARID2,KMT2C,1409.49703404821,596.35294390837,0.001,0.001,0.888507994586276,0.90486666359619,0.804040399760286,2.2549351258146e-07,0.17424634985939,1.29410752514141e-06,1367.81027208484,576.506898673513,4,3,0,67,74,437.468793577124,3276.392634291,148.273415909676,1547.04049332901,,25368.3014736538,,12260.6584037152
ARID2,KRAS,1497.42292384038,16325.0812616445,0.001,0.001,0.699773648414405,0.773495909877103,0.541534685319882,2.42784396413398e-07,0.573183052357856,4.23572182420042e-07,1367.8102720738,15930.2202228034,4,11,0,59,74,464.621722632823,3482.26744467112,8471.1222834108,27987.8290303511,,7887.81316506406,,131330.481338707
ARID2,MED12,1376.48388294656,305.616040563347,0.001,0.001,0.975436066908144,0.974743720281821,0.950803755560414,1.18098371302763e-07,0.0564859032826253,2.09075830321527e-06,1367.81027207212,297.867235812778,4,1,0,69,74,427.256092084786,3198.72685761572,17.437424818989,1345.82434630609,,184940.429249015,,24818.7094475278
ARID2,NF1,1397.44458659296,835.01994485428,0.001,0.001,0.919111463617753,0.922751406847333,0.848141585388445,1.71924637460547e-07,0.168248284332069,1.02185076146881e-06,1367.81027208484,812.710687779919,4,3,0,67,74,433.737503190932,3247.79241643591,207.634437225034,2165.84637204172,,35565.3485314207,,21462.0203961943
ARID2,NRAS,,,,,,,,,,,,,4,0,0,70,74,,,,,,,,
ARID2,PBRM1,1393.40232729526,630.888539629008,0.001,0.001,0.929571542198283,0.951069841647713,0.884102412033162,1.36724805983868e-07,0.111946096625387,1.22134500536807e-06,1367.81027208484,615.154863544753,4,2,0,68,74,432.476568428302,3238.4863943672,104.897585624025,1948.37450185465,,45387.3544778911,,26085.0816190227
ARID2,PIK3CA,1407.89358864404,1026.66096935569,0.001,0.001,0.801722661759408,0.898067188163909,0.801844612138096,1.60794425369155e-07,0.175721307779091,9.15053657415861e-07,1367.81027206381,989.995686927643,4,3,0,67,74,436.953408820632,3272.46831823658,255.26069790806,2663.51129402874,,26570.5699622202,,19612.1573902046
ARID2,POLE,1378.83244203954,219.644567778451,0.001,0.001,0.968962613005084,0.968006044572201,0.937967753347034,1.60852667645175e-07,0.0577794307174696,2.78390883481898e-06,1367.81027208484,212.586197804593,4,1,0,69,74,427.980297084265,3204.25346105106,12.5319479000068,967.300582553967,,145430.921871813,,13936.5443550938
ARID2,PTPRT,,,,,,,,,,,,,4,0,0,70,74,,,,,,,,
ARID2,RASA1,1376.47612362225,313.442951816897,0.001,0.001,0.975447888311685,0.97642089083623,0.952450744777641,1.14357155380634e-07,0.0559281634547411,2.0447150114839e-06,1367.81027207212,306.025946873843,4,1,0,69,74,427.252251609254,3198.69809716796,17.8841244652069,1380.26003970794,,185130.837784924,,27418.1231323588
ARID2,ROS1,,,,,,,,,,,,,4,0,0,70,74,,,,,,,,
ARID2,SF3B1,1386.73778545315,889.959569549147,0.001,0.001,0.947558592543744,0.934450683022025,0.885462820820612,1.14322677589136e-07,0.116336430063679,9.8269026758479e-07,1367.81027206381,860.12760537155,4,2,0,68,74,430.427008981328,3222.72651834376,147.967336154559,2748.73236425664,,60426.7456587843,,27046.9807830353
ARID2,SMAD4,1078.96910931703,2591.02220132626,6620.39195636272,0.001,0.916935488820493,0.982389120115608,0.69156562044886,0.942112039759686,0.404714697321808,2.32784241836063,1367.8102720776,2516.73934832016,3,6,1,64,74,268.249598788208,2799.5795135679,1112.728430717,5015.2884834374,367.837004022769,32712.9479759154,,46128.2746346991
ARID2,TP53,1578.08477049362,1780.98542344695,0.001,3635.27961896591,0.989298845059551,0.989651465513656,0.989250207475168,1.00116131898742,0.999828659619024,1.00133288774589,1367.81027208882,1835.80904330567,3,17,1,53,74,489.570374148738,3671.5020651479,1061.02910013114,2773.40489201945,,8788.02344304491,197.956690491077,20292.0044393961
ATM,BAP1,,,,,,,,,,,,,1,0,0,73,74,,,,,,,,
ATM,BRAF,,,,,,,,,,,,,1,0,0,73,74,,,,,,,,
ATM,BRCA2,,,,,,,,,,,,,1,0,0,73,74,,,,,,,,
ATM,ERBB2,181.416502469257,1719.0664399593,0.001,0.001,0.970842949154237,0.975908042144469,0.94745664832924,1.87096403481135e-07,0.0584292645424783,3.20210094968961e-06,176.109955095365,1708.44525397349,1,4,0,69,74,10.3509337126661,798.900800977133,533.622384531148,3994.36959298356,,12690.4589018426,,235810.445442493
ATM,ERBB3,194.716372969981,3370.74947392787,0.001,0.001,0.968469557146792,0.973238221680068,0.942555813882268,1.79130814466355e-07,0.0625442427632833,2.8640656046365e-06,188.555982097362,3347.56672367054,1,4,0,63,68,11.1097177206429,857.500508378185,1046.30680008517,7832.54195386638,,12614.6894629218,,414844.549242556
ATM,ERBB4,177.299327534006,236.294903891547,0.001,0.001,0.993313574492019,0.993702682226574,0.987058561774327,7.5890903004569e-08,0.0150887532072325,5.02963379162384e-06,176.109955095365,234.801311059853,1,1,0,72,74,10.1163541420519,780.692132378609,13.4825132424406,1040.46842132252,,89208.5502118619,,126357.891847747
ATM,FBXW7,178.635586956241,965.762775115456,0.001,0.001,0.971348160094835,0.986939561614651,0.973043002468039,1.01993039582386e-07,0.0298603819614725,3.41566426424092e-06,176.109955095365,959.382209006246,1,2,0,71,74,10.1923911137539,786.593424418047,160.579348581639,2982.32895382378,,29640.1850184122,,247200.068635413
ATM,FGFR2,,,,,,,,,,,,,1,0,0,73,74,,,,,,,,
ATM,GNAS,177.781781500518,367.260268949392,0.001,0.001,0.99062671915082,0.993044346900743,0.983736630339304,6.50278630903549e-08,0.0152359243689172,4.26806155739511e-06,176.109955095365,364.69091774081,1,1,0,72,74,10.1438118385142,782.83596619692,20.9549505702379,1617.19714723714,,63475.9765979239,,177619.769802751
ATM,IDH2,177.091823208226,2516.75602541428,0.001,0.001,0.994479960879507,0.992301108215219,0.986823771716876,3.85277352139835e-08,0.0125214831181104,3.07693065194961e-06,176.109955095365,2497.33029491362,1,1,0,72,74,10.1045192311356,779.770629634083,143.601393885456,11082.1448579938,,108115.710062299,,1098427.58320135
ATM,KMT2C,0.001,575.934047961725,9644.49606952737,3804.58666900327,1,0.999997839693724,0.0394214269331272,0.937350761956549,0.0440729035676261,21.2681871644391,176.10995509544,576.50689867297,0,2,1,71,74,,392.138784403411,143.215279453328,1493.7046185724,508.528053738,69360.9838979368,,
ATM,KRAS,193.499787989117,16078.355308941,0.001,0.001,0.910461443585656,0.906947761837104,0.825776322695569,4.30598935577398e-07,0.144120394957329,2.98777238089646e-06,176.109955095357,15930.2202228255,1,11,0,62,74,11.0392397404022,852.439921250631,8343.76618913598,27561.5090901042,,3890.90906537837,,528786.845882765
ATM,MED12,176.899097358938,299.830351052768,0.001,0.001,0.995556829895621,0.993473430192895,0.989059406827238,6.84244502971616e-08,0.0149733656390926,4.56974416750489e-06,176.109955095365,297.867235811976,1,1,0,72,74,10.093561867423,778.918886593484,17.1076501407816,1320.24755754874,,134353.144707389,,154647.007281573
ATM,NF1,179.513330981675,818.707091894117,0.001,0.001,0.981109261008188,0.978390923343085,0.959910196356139,1.55229381050559e-07,0.0440273356239763,3.52575005619974e-06,176.109955095365,812.710687779919,1,3,0,70,74,10.242553978598,790.47681933901,203.588800770426,2123.30701618424,,20305.3824944526,,125468.090873698
ATM,NRAS,,,,,,,,,,,,,1,0,0,73,74,,,,,,,,
ATM,PBRM1,178.627191357904,619.335335694939,0.001,0.001,0.985949740424087,0.986623276224607,0.972761680410275,1.11097491321127e-07,0.0299058199564319,3.71491206337023e-06,176.109955095365,615.154863545168,1,2,0,71,74,10.1920782093826,786.570555688001,102.979929980917,1912.53307647846,,29895.19610804,,154716.266738124
ATM,PIK3CA,180.542058582774,995.793377643821,0.001,0.001,0.958700116527017,0.98290329512484,0.958845960671508,1.520033818753e-07,0.0445696635916192,3.41046733643919e-06,176.109955095337,989.995686924205,1,3,0,70,74,10.3011218542919,795.044994805642,247.615823353708,2582.79013951516,,15630.5503314088,,193960.151508054
ATM,POLE,178.166694469203,213.948482368207,0.001,0.001,0.988497154254522,0.993680965518698,0.982251198970137,7.63780502160277e-08,0.0145106094585855,5.26360043208502e-06,176.109955095365,212.586197804821,1,1,0,72,74,10.1656552314507,784.547609464126,12.207344415727,942.085953856795,,51677.3099968738,,114009.17266449
ATM,PTPRT,,,,,,,,,,,,,1,0,0,73,74,,,,,,,,
ATM,RASA1,176.899276326834,307.945303318984,0.001,0.001,0.995558916118542,0.993782563957136,0.989369220373746,6.86638645646526e-08,0.015174247346787,4.52502605206258e-06,176.109955095365,306.025946873843,1,1,0,72,74,10.0935337542716,778.916716922746,17.5707936009581,1355.96342776706,,134488.372047847,,166810.66086575
ATM,ROS1,,,,,,,,,,,,,1,0,0,73,74,,,,,,,,
ATM,SF3B1,178.218746942164,865.238237177504,0.001,0.001,0.98820433059587,0.988282126875502,0.976625228307307,1.03824057852116e-07,0.0298953425369964,3.47291748618135e-06,176.10995509544,860.127605371454,1,2,0,71,74,10.1687836495947,784.753022432575,143.868041846399,2671.89222874411,,35237.1004276219,,247284.680222293
ATM,SMAD4,186.136686435914,2533.96312824407,0.00099999999991951,0.001,0.94629869578768,0.954855154841278,0.903590284274582,3.13238158460016e-07,0.099975990474239,3.13313383517545e-06,176.10995509544,2516.7393483453,1,7,0,66,74,10.6199404152989,819.802675362083,1088.38248443494,4903.65720615736,,6606.1797893227,,181294.631178193
ATM,TP53,205.335248706513,1850.7955924711,0.001,0.001,0.858131236834746,0.87440407694117,0.750437950835247,8.46097929108058e-07,0.253015239186046,3.34405916351114e-06,176.109955095271,1835.80904331323,1,18,0,55,74,11.7134244180602,904.863998815305,1120.25296722562,2848.49259231443,,2423.03042862057,,43496.7193878925
BAP1,BRAF,,,,,,,,,,,,,0,0,0,74,74,,,,,,,,
BAP1,BRCA2,,,,,,,,,,,,,0,0,0,74,74,,,,,,,,
BAP1,ERBB2,,,,,,,,,,,,,0,4,0,70,74,,,,,,,,
BAP1,ERBB3,,,,,,,,,,,,,0,4,0,64,68,,,,,,,,
BAP1,ERBB4,,,,,,,,,,,,,0,1,0,73,74,,,,,,,,
BAP1,FBXW7,,,,,,,,,,,,,0,2,0,72,74,,,,,,,,
BAP1,FGFR2,,,,,,,,,,,,,0,0,0,74,74,,,,,,,,
BAP1,GNAS,,,,,,,,,,,,,0,1,0,73,74,,,,,,,,
BAP1,IDH2,,,,,,,,,,,,,0,1,0,73,74,,,,,,,,
BAP1,KMT2C,,,,,,,,,,,,,0,3,0,71,74,,,,,,,,
BAP1,KRAS,,,,,,,,,,,,,0,11,0,63,74,,,,,,,,
BAP1,MED12,,,,,,,,,,,,,0,1,0,73,74,,,,,,,,
BAP1,NF1,,,,,,,,,,,,,0,3,0,71,74,,,,,,,,
BAP1,NRAS,,,,,,,,,,,,,0,0,0,74,74,,,,,,,,
BAP1,PBRM1,,,,,,,,,,,,,0,2,0,72,74,,,,,,,,
BAP1,PIK3CA,,,,,,,,,,,,,0,3,0,71,74,,,,,,,,
BAP1,POLE,,,,,,,,,,,,,0,1,0,73,74,,,,,,,,
BAP1,PTPRT,,,,,,,,,,,,,0,0,0,74,74,,,,,,,,
BAP1,RASA1,,,,,,,,,,,,,0,1,0,73,74,,,,,,,,
BAP1,ROS1,,,,,,,,,,,,,0,0,0,74,74,,,,,,,,
BAP1,SF3B1,,,,,,,,,,,,,0,2,0,72,74,,,,,,,,
BAP1,SMAD4,,,,,,,,,,,,,0,7,0,67,74,,,,,,,,
BAP1,TP53,,,,,,,,,,,,,0,18,0,56,74,,,,,,,,
BRAF,BRCA2,,,,,,,,,,,,,0,0,0,74,74,,,,,,,,
BRAF,ERBB2,,,,,,,,,,,,,0,4,0,70,74,,,,,,,,
BRAF,ERBB3,,,,,,,,,,,,,0,4,0,64,68,,,,,,,,
BRAF,ERBB4,,,,,,,,,,,,,0,1,0,73,74,,,,,,,,
BRAF,FBXW7,,,,,,,,,,,,,0,2,0,72,74,,,,,,,,
BRAF,FGFR2,,,,,,,,,,,,,0,0,0,74,74,,,,,,,,
BRAF,GNAS,,,,,,,,,,,,,0,1,0,73,74,,,,,,,,
BRAF,IDH2,,,,,,,,,,,,,0,1,0,73,74,,,,,,,,
BRAF,KMT2C,,,,,,,,,,,,,0,3,0,71,74,,,,,,,,
BRAF,KRAS,,,,,,,,,,,,,0,11,0,63,74,,,,,,,,
BRAF,MED12,,,,,,,,,,,,,0,1,0,73,74,,,,,,,,
BRAF,NF1,,,,,,,,,,,,,0,3,0,71,74,,,,,,,,
BRAF,NRAS,,,,,,,,,,,,,0,0,0,74,74,,,,,,,,
BRAF,PBRM1,,,,,,,,,,,,,0,2,0,72,74,,,,,,,,
BRAF,PIK3CA,,,,,,,,,,,,,0,3,0,71,74,,,,,,,,
BRAF,POLE,,,,,,,,,,,,,0,1,0,73,74,,,,,,,,
BRAF,PTPRT,,,,,,,,,,,,,0,0,0,74,74,,,,,,,,
BRAF,RASA1,,,,,,,,,,,,,0,1,0,73,74,,,,,,,,
BRAF,ROS1,,,,,,,,,,,,,0,0,0,74,74,,,,,,,,
BRAF,SF3B1,,,,,,,,,,,,,0,2,0,72,74,,,,,,,,
BRAF,SMAD4,,,,,,,,,,,,,0,7,0,67,74,,,,,,,,
BRAF,TP53,,,,,,,,,,,,,0,18,0,56,74,,,,,,,,
BRCA2,ERBB2,,,,,,,,,,,,,0,4,0,70,74,,,,,,,,
BRCA2,ERBB3,,,,,,,,,,,,,0,4,0,64,68,,,,,,,,
BRCA2,ERBB4,,,,,,,,,,,,,0,1,0,73,74,,,,,,,,
BRCA2,FBXW7,,,,,,,,,,,,,0,2,0,72,74,,,,,,,,
BRCA2,FGFR2,,,,,,,,,,,,,0,0,0,74,74,,,,,,,,
BRCA2,GNAS,,,,,,,,,,,,,0,1,0,73,74,,,,,,,,
BRCA2,IDH2,,,,,,,,,,,,,0,1,0,73,74,,,,,,,,
BRCA2,KMT2C,,,,,,,,,,,,,0,3,0,71,74,,,,,,,,
BRCA2,KRAS,,,,,,,,,,,,,0,11,0,63,74,,,,,,,,
BRCA2,MED12,,,,,,,,,,,,,0,1,0,73,74,,,,,,,,
BRCA2,NF1,,,,,,,,,,,,,0,3,0,71,74,,,,,,,,
BRCA2,NRAS,,,,,,,,,,,,,0,0,0,74,74,,,,,,,,
BRCA2,PBRM1,,,,,,,,,,,,,0,2,0,72,74,,,,,,,,
BRCA2,PIK3CA,,,,,,,,,,,,,0,3,0,71,74,,,,,,,,
BRCA2,POLE,,,,,,,,,,,,,0,1,0,73,74,,,,,,,,
BRCA2,PTPRT,,,,,,,,,,,,,0,0,0,74,74,,,,,,,,
BRCA2,RASA1,,,,,,,,,,,,,0,1,0,73,74,,,,,,,,
BRCA2,ROS1,,,,,,,,,,,,,0,0,0,74,74,,,,,,,,
BRCA2,SF3B1,,,,,,,,,,,,,0,2,0,72,74,,,,,,,,
BRCA2,SMAD4,,,,,,,,,,,,,0,7,0,67,74,,,,,,,,
BRCA2,TP53,,,,,,,,,,,,,0,18,0,56,74,,,,,,,,
ERBB2,ERBB3,1422.93169001179,3434.3556349496,0.001,0.001,0.898153980412235,0.904280162902294,0.812231460395281,1.00977148170811e-07,0.187310499836161,5.39089630635415e-07,1372.26295714453,3347.56672364534,3,4,0,61,68,353.791725955523,3691.42708021274,1065.96540802199,7981.59912608048,,27346.6759710602,,72835.6487786354
ERBB2,ERBB4,1722.88885550565,242.189663257205,0.001,0.001,0.967363811639626,0.969615887104857,0.937976171026508,1.52868461878591e-07,0.0615074307207502,2.48536575316614e-06,1708.44525395709,234.801311059853,4,1,0,69,74,534.80295568207,4003.38000704248,13.8183837160366,1066.55828455453,,172622.443018847,,16311.4156845964
ERBB2,FBXW7,1731.09107602665,989.21360327066,0.001,0.001,0.891885137510447,0.940954823192793,0.893441330772316,1.02949405512845e-07,0.121928616610716,8.4434161868279e-07,1708.44525394831,959.382209006841,4,2,0,68,74,537.343863851069,4022.50543610726,164.47094389752,3055.22403686609,,78265.6500805122,,33693.1760014754
ERBB2,FGFR2,,,,,,,,,,,,,4,0,0,70,74,,,,,,,,
ERBB2,GNAS,1723.8273157614,376.804449801772,0.001,0.001,0.965300750881531,0.968015705019959,0.934432707167824,1.08573667321078e-07,0.0634532232353133,1.71108198741043e-06,1708.44525395026,364.69091774081,4,1,0,69,74,535.091700991331,4005.59055883036,21.49869882362,1659.45208859599,,161871.903528887,,24060.0001147227
ERBB2,IDH2,1719.04986125411,2568.45528024912,0.001,0.001,0.975927407476525,0.972401212945491,0.948996268751879,2.5547078734596e-08,0.05023662623664,5.08534920602675e-07,1708.44525395709,2497.33029488685,4,1,0,69,74,533.617304532327,3994.33107630643,146.547522567885,11310.7690587241,,235897.670767718,,191061.302490164
ERBB2,KMT2C,1746.11800866911,594.457384513432,0.001,0.001,0.917639058253385,0.91313499986032,0.83796441793459,2.10705659953268e-07,0.174099433831358,1.2102604547087e-06,1708.44525395026,576.506898671447,4,3,0,67,74,541.991883694787,4057.71084442254,147.809160302965,1542.1062685653,,43573.2424948899,,13479.3434718685
ERBB2,KRAS,1867.96493999922,14842.1916931141,0.001,55018.6515859259,0.967217122010764,0.921691011424407,0.848819484199969,0.934389138041547,0.573451793908234,1.62941183194044,1708.44525394244,15930.2202237776,3,10,1,60,74,579.61452692524,4343.66329013692,7432.24494289017,26057.8321626023,,17043.2978936411,2988.57618132748,311474.861220614
ERBB2,MED12,1719.40459074762,307.974249119005,0.001,0.001,0.975173519481308,0.967300639218728,0.943290252731073,1.242892412386e-07,0.0614944871080478,2.02114444861081e-06,1708.44525395026,297.867235811976,4,1,0,69,74,533.728518129116,3995.17656020659,17.5716351661166,1356.30343399968,,228493.774077902,,19174.346330104
ERBB2,NF1,1742.69289862854,837.7582275711,0.001,0.001,0.924864212625555,0.91378848912566,0.845158936518228,1.69646330143436e-07,0.179053390174629,9.47462262389902e-07,1708.44525395709,812.710687781804,4,3,0,67,74,540.930904335396,4049.69211010152,208.310648924474,2173.03960219816,,48695.0582779824,,19205.5683482963
ERBB2,NRAS,,,,,,,,,,,,,4,0,0,70,74,,,,,,,,
ERBB2,PBRM1,1727.2866807229,634.140405305078,0.001,0.001,0.957842828236632,0.941320838572799,0.90164738626038,1.40021632019996e-07,0.122463679593629,1.14337273291664e-06,1708.44525394812,615.154863544753,4,2,0,68,74,536.165448526464,4013.53390522,105.435330997223,1958.52533055104,,94067.8199773199,,21770.7536251318
ERBB2,PIK3CA,1629.34585521823,758.31622974843,6435.73338599877,10077.1133925563,1,1,0.31951640996231,0.96915909186618,0.17320030092603,5.59559704391094,1708.44525395721,989.995686928657,3,2,1,68,74,452.158567161257,3920.2405861926,127.902735435963,2289.96886266604,,138787.076247445,,70299.9935298626
ERBB2,POLE,1731.22869350938,219.154719673695,0.001,0.001,0.949115815958778,0.970225481366252,0.920864585450818,1.56910004490019e-07,0.0576671185698377,2.72096141408546e-06,1708.44525394414,212.586197803414,4,1,0,69,74,537.364386624183,4023.10681202759,12.5040959343575,965.125457233713,,108728.305138665,,14985.9889395508
ERBB2,PTPRT,,,,,,,,,,,,,4,0,0,70,74,,,,,,,,
ERBB2,RASA1,1719.3955562758,315.603949431648,0.001,0.001,0.975185572053862,0.96975184426043,0.945691663986946,1.24226425661858e-07,0.0628760143263556,1.97573632795911e-06,1708.44525395026,306.025946873827,4,1,0,69,74,533.724418100879,3995.14585601293,18.0071466365135,1389.87016298553,,228731.82066689,,21464.3814416393
ERBB2,ROS1,,,,,,,,,,,,,4,0,0,70,74,,,,,,,,
ERBB2,SF3B1,1729.93589914423,886.979780395779,0.001,0.001,0.951994689742035,0.940687082777154,0.895540576675083,1.0676011519533e-07,0.117927039338637,9.05306499629483e-07,1708.44525395709,860.127605371454,4,2,0,68,74,536.987659425823,4019.78711948734,147.474181196024,2739.42362432903,,82247.2205585761,,29962.1732857658
ERBB2,SMAD4,1809.10121046449,2601.28468073208,0.001,0.001,0.798107319915267,0.798938239768477,0.637808803016334,2.05261938550361e-07,0.389579270977645,5.26881058212512e-07,1708.44525396552,2516.73934831256,4,7,0,63,74,561.448743557625,4205.34727398044,1117.11282393159,5035.32986159233,,15648.2782468636,,23724.6091885741
ERBB2,TP53,1955.29221856472,1543.8236145755,0.001,22551.1778971682,0.969802080775485,0.784681635828065,0.0930074412664283,3.00470193090406,1.02073247804793,2.94367230936977,1708.44525394841,1835.80904331841,1,15,3,55,74,606.595585254954,4548.39810238934,887.17943320094,2466.84095020042,,15376.9389904482,4117.39478367421,324317.008553519
ERBB3,ERBB4,3370.87986234336,260.404280060495,0.001,0.001,0.973109477533266,0.966749825764858,0.940758232328116,1.39721169327943e-07,0.063906686162962,2.18633100410893e-06,3347.56672367054,251.713475669179,4,1,0,63,68,1046.34890853349,7832.86168611357,14.8574509146194,1146.82610813667,,412656.698915417,,16089.7904863498
ERBB3,FBXW7,3397.5414001525,1062.19353649309,0.001,0.001,0.882530651862186,0.936109962501357,0.883172762685986,8.3552094204669e-08,0.126663432768347,6.59638637439082e-07,3347.56672364534,1027.46154195496,4,2,0,62,68,1054.58981802236,7895.28077048454,176.601567797384,3280.78104574673,,137267.355936346,,33433.6544208996
ERBB3,FGFR2,,,,,,,,,,,,,4,0,0,64,68,,,,,,,,
ERBB3,GNAS,3379.86067520976,407.82162979472,0.001,0.001,0.962936632079149,0.965243726942436,0.929476751064696,9.50002288762492e-08,0.0651158663358967,1.45894133368656e-06,3347.56672364534,393.567598166573,4,1,0,63,68,1049.11660211667,7854.03838346295,23.2680100867322,1796.1663945832,,296191.082874301,,24180.0055686657
ERBB3,IDH2,,,,,,,,,,,,,4,0,0,64,68,,,,,,,,
ERBB3,KMT2C,3424.54664361688,640.384121809992,0.000999999999976353,0.001,0.914521029599917,0.904052531499824,0.82682022738502,1.86501447656945e-07,0.186554622487134,9.99714963749061e-07,3347.56672367054,618.932723161587,4,3,0,61,68,1062.93845933259,7958.48025544519,159.220098931621,1661.37204664585,,82263.6605211934,,13111.8085265494
ERBB3,KRAS,3716.65522491913,18196.2470858073,0.001,0.001,0.662416061592151,0.70049462646581,0.464381052002104,1.21597787991479e-07,0.628970844745949,1.93328178892925e-07,3347.56672362136,17587.7956964966,4,11,0,53,68,1153.11671982668,8644.39115461559,9439.75543924114,31207.068043732,,16827.2787948161,,104048.788059135
ERBB3,MED12,3367.93393431426,333.54849952189,0.001,0.001,0.976507642609778,0.965369884480676,0.942695798093996,1.1096858682294e-07,0.0636910440127686,1.74229498892644e-06,3347.56672367054,321.954565625591,4,1,0,63,68,1045.43828629993,7825.9241029767,19.0305725825519,1468.99215705382,,473608.791524668,,19705.596869496
ERBB3,NF1,3417.97345437827,901.313865336044,0.001,0.001,0.921491624957572,0.905861996279095,0.834779668684449,1.41238722866505e-07,0.18714911102292,7.54685513035685e-07,3347.56672367054,871.788696781405,4,3,0,61,68,1060.91315099784,7943.00763432921,224.107469955296,2338.05232405505,,89887.519495474,,18875.9004433366
ERBB3,NRAS,,,,,,,,,,,,,4,0,0,64,68,,,,,,,,
ERBB3,PBRM1,3377.4017238396,339.047856311461,0.001,0.001,0.965673921117536,0.967841887448421,0.934624338300427,1.09803468596216e-07,0.0639632618089313,1.71666462107916e-06,3347.56672364925,328.108917736011,4,1,0,63,68,1048.36019037084,7848.2412411668,19.344614358339,1493.10479800904,,321436.572280501,,21652.1034049568
ERBB3,PIK3CA,3436.92353418712,1093.30895177486,0.001,0.001,0.901492354487593,0.909958955302689,0.82037011855152,1.23289442148511e-07,0.18923246467128,6.5152373490817e-07,3347.56672365749,1058.94678437191,4,3,0,61,68,1066.75493368382,7987.65892012916,271.833562888146,2836.37294651918,,70676.9573849182,,24050.3896293571
ERBB3,POLE,3388.50506210841,236.551733013595,0.001,0.001,0.953421854509192,0.967986865106252,0.922908735381912,1.49138784255425e-07,0.062209959410578,2.39734578945996e-06,3347.56672361418,228.95436224538,4,1,0,63,68,1051.72346013699,7874.12181157372,13.4979381477497,1041.88282042846,,233635.443961219,,15063.9785257453
ERBB3,PTPRT,,,,,,,,,,,,,4,0,0,64,68,,,,,,,,
ERBB3,RASA1,3367.9001517368,338.693807386627,0.001,0.001,0.976520571701006,0.967475097442182,0.944763402868262,1.10895820080656e-07,0.0646540463477279,1.71521855699838e-06,3347.56672367054,327.639863117821,4,1,0,63,68,1045.42973879246,7825.86009196871,19.3243216512006,1491.60583293815,,474168.34199485,,21476.0429146081
ERBB3,ROS1,,,,,,,,,,,,,4,0,0,64,68,,,,,,,,
ERBB3,SF3B1,3390.81928229356,950.958916403449,0.001,0.001,0.884332223687981,0.936675194068456,0.890647247058202,9.08309863677237e-08,0.126701694471435,7.16888489507939e-07,3347.56672361599,920.179227810467,4,2,0,62,68,1052.51830636555,7879.4353611406,158.109309023543,2937.15991840002,,157216.814880077,,30187.6416121565
ERBB3,SMAD4,3404.75276896504,2015.00607611658,2138.8371366406,12488.3398382924,0.999759029169477,0.966393480642936,0.634090162192837,0.975163847478247,0.366883461681048,2.65796621905517,3347.56672365749,2306.78280630253,3,5,1,59,68,999.110074456974,8038.41061068938,722.842112102555,4328.75196656915,,70436.738114344,,78152.3694414331
ERBB3,TP53,3978.62115110287,2100.18672073026,0.001,0.001,0.507312275745086,0.49845514516694,0.253629858237772,5.21840057082779e-07,1.09223848160383,4.77771169824116e-07,3347.5667236232,2013.06067340159,4,18,0,46,68,1233.97176791321,9259.6488646524,1270.16900857829,3235.91450948152,,10425.5894433468,,5984.13357815505
ERBB4,FBXW7,237.804810909112,966.473009973443,0.001,0.001,0.971376955513643,0.985468137858153,0.973071848297271,8.48156173221832e-08,0.0314386147430931,2.69781661867964e-06,234.801311059853,959.382209006246,1,2,0,71,74,13.5685731378132,1047.14316575877,160.698823716119,2984.57821667382,,44404.1065618218,,221831.87240436
ERBB4,FGFR2,,,,,,,,,,,,,1,0,0,73,74,,,,,,,,
ERBB4,GNAS,237.016158264425,367.938609524289,0.001,0.001,0.990690104605407,0.991215142160891,0.981987517210391,5.82327080657537e-08,0.01637940355711,3.55523983902796e-06,234.801311062041,364.69091774081,1,1,0,72,74,13.5235903238001,1043.67460465875,20.9936226015534,1620.21638719682,,85209.5534805445,,140445.885707531
ERBB4,IDH2,236.133166158334,2513.34889949677,0.001,0.001,0.994381103811157,0.993647784580047,0.988064763024298,2.95471700518038e-08,0.0125414576445859,2.35595980061849e-06,234.801311062041,2497.33029488685,1,1,0,72,74,13.4733022368865,1039.75136192217,143.406783731275,11066.9709487618,,141603.723471046,,1331835.61398968
ERBB4,KMT2C,240.12123839006,580.708371249215,0.001,0.001,0.977927551159244,0.978729122124098,0.957128744461493,1.37339221996293e-07,0.0448067245946077,3.06514754735769e-06,234.801311062041,576.506898672438,1,3,0,70,74,13.7005271706039,1057.39587153338,144.399381209524,1506.18780290603,,23215.4915020436,,90415.6567254641
ERBB4,KRAS,259.897635403733,16048.8591212191,0.001,0.001,0.903788346839303,0.925839887543338,0.83679585972654,3.28904253180107e-07,0.146358534868608,2.2472502438985e-06,234.801311062041,15930.2202228255,1,11,0,62,74,14.8265867907668,1145.11168545284,8328.03886018405,27507.6841956737,,4840.06593843068,,676681.147775157
ERBB4,MED12,235.804209288319,300.228244971668,0.001,0.001,0.995769651109022,0.992158533854213,0.987961536269218,6.14834268961549e-08,0.0159444860560588,3.85609336544226e-06,234.801311059853,297.867235811976,1,1,0,72,74,13.4545632744439,1038.29476528248,17.1303153343006,1322.01519717448,,188162.368033237,,128578.422003541
ERBB4,NF1,238.75106812986,818.819251142656,0.001,0.001,0.983529427049169,0.977983425784884,0.961877192201554,1.28811847785459e-07,0.045942162223533,2.80378287723424e-06,234.801311062041,812.710687779919,1,3,0,70,74,13.6225095535722,1051.32030675209,203.616075074065,2123.59654349263,,31460.7677484124,,123059.57472396
ERBB4,NRAS,,,,,,,,,,,,,1,0,0,73,74,,,,,,,,
ERBB4,PBRM1,237.492404809611,620.011227155543,0.001,0.001,0.988717979562319,0.984477601319812,0.973371432397811,9.50766166941952e-08,0.0317287444945098,2.99654518982454e-06,234.801311059853,615.154863545168,1,2,0,71,74,13.5507930382838,1045.75679331714,103.091765876553,1914.63974672907,,49123.1666559257,,133054.757264274
ERBB4,PIK3CA,240.467132096715,996.060000827164,0.001,0.001,0.958903605706849,0.982109608913815,0.95904948079959,1.22068429368911e-07,0.0453783471379021,2.69001488745178e-06,234.801311062041,989.995686924205,1,3,0,70,74,13.7201971714739,1058.94453984975,247.681136076676,2583.48131326077,,22084.1449623246,,185160.495378777
ERBB4,POLE,238.12768146918,214.044120242619,0.001,0.001,0.986080780264542,0.993240617922422,0.979416019074457,6.69975305546411e-08,0.0147122076954901,4.5538733507126e-06,234.801311061851,212.586197804821,1,1,0,72,74,13.586749671891,1048.63256558594,12.2128530578233,942.515091576221,,56862.3769833468,,106520.022062104
ERBB4,PTPRT,,,,,,,,,,,,,1,0,0,73,74,,,,,,,,
ERBB4,RASA1,235.803488403153,308.322062497443,0.001,0.001,0.995771642722367,0.992572440599439,0.988375644712037,6.20392834362049e-08,0.0162775042351606,3.8113510855181e-06,234.801311059853,306.025946873843,1,1,0,72,74,13.4545222564265,1038.2915998364,17.5922092908522,1357.63264999555,,188352.117765952,,139493.225489945
ERBB4,ROS1,,,,,,,,,,,,,1,0,0,73,74,,,,,,,,
ERBB4,SF3B1,237.473151691823,865.741054718478,0.001,0.001,0.988789226813975,0.987147070808338,0.976081003775059,8.421339125304e-08,0.0305650093718,2.75522216363975e-06,234.801311062041,860.12760537155,1,2,0,71,74,13.5497246000824,1045.67407701828,143.950620713082,2673.4444478455,,49524.6380444368,,225164.900618942
ERBB4,SMAD4,247.590153511524,2533.98792481249,0.001,0.001,0.948536345991579,0.954692920130009,0.905573059917251,2.40012583682669e-07,0.09986622726876,2.40334085152479e-06,234.801311062041,2516.7393483453,1,7,0,66,74,14.1259598620634,1090.44235804357,1088.397086869,4903.72578137883,,9211.528577124,,180552.947321337
ERBB4,TP53,275.861219817237,1852.70236414218,0.001,0.001,0.851719393679823,0.859623671389103,0.732262474418662,6.67974024010087e-07,0.257012967583538,2.59898957741489e-06,234.801311061851,1835.80904331323,1,18,0,55,74,15.7359311633968,1215.84985645054,1121.38428854002,2851.50248914179,,3094.15939203228,,38266.746143101
FBXW7,FGFR2,,,,,,,,,,,,,2,0,0,72,74,,,,,,,,
FBXW7,GNAS,967.853334956528,368.826920421321,0.001,0.001,0.982673358136473,0.970032231658724,0.971724778412617,6.20989563473486e-08,0.0322041404010461,1.92829106984428e-06,959.382209006246,364.69091774081,2,1,0,71,74,160.927161241682,2988.88554173463,21.0442637464196,1624.12356661379,,185437.580312885,,81573.9508677681
FBXW7,IDH2,964.763150886575,2521.7401133123,0.001,0.001,0.988938354327342,0.97770441277339,0.979410345516155,1.8516190366559e-08,0.0252603333350478,7.33014490385543e-07,959.382209023284,2497.33029488685,2,1,0,71,74,160.415207536663,2979.24439323878,143.884207931557,11103.8712065311,,292207.321282611,,612744.579863972
FBXW7,KMT2C,979.231466144054,585.657814132262,0.001,0.001,0.960159873696556,0.91478382986431,0.916379978318156,1.26877824530545e-07,0.0884862941514585,1.4338697958508e-06,959.382209026175,576.506898674456,2,3,0,69,74,162.814839559437,3024.15465652418,145.625618054239,1519.11189564692,,52099.9239878251,,29262.9272272376
FBXW7,KRAS,1052.29157619023,14566.1822050218,0.001,208328.94215349,0.927287034162463,0.610838083135552,0.356317026102893,1.16363604530398,0.289580685757078,4.01834826194219,959.382209022557,15930.2202224109,1,10,1,62,74,174.920606151122,3251.70295689906,7295.03022008709,25568.4302650662,,16379.4794571811,10272.5843939317,3334984.48508459
FBXW7,MED12,965.199325821894,301.363516722715,0.001,0.001,0.988055284979929,0.974937849856651,0.976638955513247,7.02464858363169e-08,0.0314099395802017,2.23644129136099e-06,959.382209004257,297.867235812778,2,1,0,71,74,160.487852029431,2980.60865065801,17.1950626476932,1327.02198137532,,270320.598940476,,61729.0474674308
FBXW7,NF1,977.697562181352,822.516921584154,0.001,0.001,0.963092852432675,0.927739649841527,0.929358404062735,1.07425382381288e-07,0.0917079916381533,1.17138518096819e-06,959.382209004257,812.710687779919,2,3,0,69,74,162.563380173063,3019.43170365266,204.537791008269,2133.26091130865,,56530.1150089194,,54556.724153883
FBXW7,NRAS,,,,,,,,,,,,,2,0,0,72,74,,,,,,,,
FBXW7,PBRM1,969.891621349488,622.46536481964,0.001,0.001,0.978582455925228,0.95418538438496,0.955850281360497,8.58752144360098e-08,0.0628710481985441,1.36589442830378e-06,959.382208997649,615.154863543135,2,2,0,70,74,161.266971553236,2995.14699485918,103.499662784073,1922.23832921687,,105015.893751219,,62839.5038005933
FBXW7,PIK3CA,999.999961707175,1001.00001131312,1001.99995362225,1002.99995538141,1,1,1,0.0942697492740206,0.0893617415064313,1.05492291986315,959.382209009543,989.995686927016,2,3,0,69,74,163.1077078627,3030.63294754191,249.842817132784,2606.32350136086,,48513.6742126263,,54567.3457016467
FBXW7,POLE,973.593572010967,215.650589304315,0.001,0.001,0.971207522463905,0.955846887151154,0.957514683649802,8.55482809019453e-08,0.0291071325809845,2.93908308088834e-06,959.382209011018,212.586197804593,2,1,0,71,74,161.876265190163,3006.91689686717,12.3043993408015,949.620960339477,,110586.507037121,,35795.8950088631
FBXW7,PTPRT,,,,,,,,,,,,,2,0,0,72,74,,,,,,,,
FBXW7,RASA1,965.194059562585,309.073245887391,0.001,0.001,0.988060964150592,0.976653882553946,0.978357982403726,7.09276183549767e-08,0.0323688724388488,2.19122919678383e-06,959.382209004257,306.025946873843,2,1,0,71,74,160.486956834972,2980.59202367959,17.6350624853194,1360.94248923051,,270595.749275896,,77200.5772998683
FBXW7,ROS1,,,,,,,,,,,,,2,0,0,72,74,,,,,,,,
FBXW7,SF3B1,482.589760132712,867.919747449046,67005.5807929778,0.001,0.763190787931911,0.992356852093093,0.06617452229471,1.13424948264833,0.0605924389188505,18.7193237784569,959.382209005415,860.127605371454,1,1,1,71,74,27.5355721104888,2124.98592612664,144.312158584479,2680.22742146688,3237.17749279276,1205107.85641296,,289437.371153472
FBXW7,SMAD4,1012.76276017117,2564.67872483088,0.001,0.000999999999976353,0.898078077609588,0.788524818711587,0.789900658837443,1.49134419126507e-07,0.196763616787918,7.57936968028245e-07,959.382208997224,2516.7393483453,2,7,0,65,74,168.377659879237,3128.41161405044,1101.47143172463,4963.81861452049,,18467.2257085534,,45855.5886945873
FBXW7,TP53,1115.61305124478,1747.90812365195,0.001,10329.8962664119,0.964461118637317,0.863169114014318,0.680565928126493,1.06456534210572,0.509822768155136,2.0881086695245,959.382209006298,1835.80904331859,1,17,1,55,74,185.42068572762,3448.68751225808,1041.53656769339,2721.03997036743,,11424.6336273201,512.729726428027,153718.089387837
FGFR2,GNAS,,,,,,,,,,,,,0,1,0,73,74,,,,,,,,
FGFR2,IDH2,,,,,,,,,,,,,0,1,0,73,74,,,,,,,,
FGFR2,KMT2C,,,,,,,,,,,,,0,3,0,71,74,,,,,,,,
FGFR2,KRAS,,,,,,,,,,,,,0,11,0,63,74,,,,,,,,
FGFR2,MED12,,,,,,,,,,,,,0,1,0,73,74,,,,,,,,
FGFR2,NF1,,,,,,,,,,,,,0,3,0,71,74,,,,,,,,
FGFR2,NRAS,,,,,,,,,,,,,0,0,0,74,74,,,,,,,,
FGFR2,PBRM1,,,,,,,,,,,,,0,2,0,72,74,,,,,,,,
FGFR2,PIK3CA,,,,,,,,,,,,,0,3,0,71,74,,,,,,,,
FGFR2,POLE,,,,,,,,,,,,,0,1,0,73,74,,,,,,,,
FGFR2,PTPRT,,,,,,,,,,,,,0,0,0,74,74,,,,,,,,
FGFR2,RASA1,,,,,,,,,,,,,0,1,0,73,74,,,,,,,,
FGFR2,ROS1,,,,,,,,,,,,,0,0,0,74,74,,,,,,,,
FGFR2,SF3B1,,,,,,,,,,,,,0,2,0,72,74,,,,,,,,
FGFR2,SMAD4,,,,,,,,,,,,,0,7,0,67,74,,,,,,,,
FGFR2,TP53,,,,,,,,,,,,,0,18,0,56,74,,,,,,,,
GNAS,IDH2,366.948043603314,2503.92382928153,0.001,0.001,0.993863661184873,0.997382086871586,0.991261909164615,1.98126731947718e-08,0.0125073977741325,1.58407636444951e-06,364.69091774081,2497.33029488685,1,1,0,72,74,20.9371861384785,1615.81323375883,142.870001147996,11025.2732506738,,201335.148152443,,3234854.36878688
GNAS,KMT2C,0.001,577.060674704333,25907.8187737457,5743.89312644879,0.595969768271766,0.999998190734035,0.0307366694942465,1.11464637801259,0.0452392570313071,24.6389187435421,364.690917740789,576.506898672438,0,2,1,71,74,,834.051874795871,143.496990054796,1496.62118003327,1346.71000180215,193458.086686797,,
GNAS,KRAS,0.001,15922.6799377684,3939.500855974,166.23721378007,1,0.999999029641737,0.185203542265034,0.772214440936276,0.146706847600725,5.26365642480385,364.690917740164,15930.2202221201,0,10,1,63,74,,770.343849482056,8263.68842940632,27291.1895959136,220.680227345769,18705.8590686065,,
GNAS,MED12,367.055804176306,301.031424432803,0.001,0.001,0.993600002854914,0.989525834552296,0.983193295399324,5.0884114640359e-08,0.0164416554350975,3.09482915763691e-06,364.69091774081,297.867235812778,1,1,0,72,74,20.9433102486281,1616.28980072002,17.176008653983,1325.5888766061,,192947.714383594,,96019.447917312
GNAS,NF1,370.626777323724,819.67466186543,0.001,0.001,0.984088121817734,0.9749435145049,0.959432582001681,9.5550084028978e-08,0.0470189207015818,2.03216242744941e-06,364.69091774081,812.710687779919,1,3,0,70,74,21.1468249704089,1632.07930723823,203.827696017906,2125.84486103256,,51902.000731684,,107723.001433314
GNAS,NRAS,,,,,,,,,,,,,1,0,0,73,74,,,,,,,,
GNAS,PBRM1,368.173972946459,620.41618431131,0.001,0.001,0.990575956617387,0.983203174830099,0.973938237409674,7.23055896129088e-08,0.0325017419118855,2.22466813652432e-06,364.69091774081,615.154863545168,1,2,0,71,74,21.007706744598,1621.26952760738,103.158360048826,1915.89609302624,,93425.0994428171,,122705.111750277
GNAS,PIK3CA,373.329916224949,1001.20074612814,0.000999999999976353,0.001,0.944801709352476,0.967176001422704,0.944945438558462,8.76005823149603e-08,0.0454998027655709,1.9252958692218e-06,364.69091774081,989.995686924205,1,3,0,70,74,21.3006304406541,1644.10076506442,248.951143849463,2597.00104913981,,35959.8789244716,,99472.2900744696
GNAS,POLE,369.844411148142,214.729064465781,0.001,0.001,0.986132375804393,0.990080629947209,0.976351472210473,5.69903470036375e-08,0.0150319397494106,3.79128362365025e-06,364.690917740789,212.586197804566,1,1,0,72,74,21.1018976510089,1628.71281035552,12.2518366241466,945.560576032483,,88649.8175866662,,72383.2418058371
GNAS,PTPRT,,,,,,,,,,,,,1,0,0,73,74,,,,,,,,
GNAS,RASA1,367.051657777308,308.549102336075,0.001,0.001,0.99360309820277,0.991849116005471,0.98550465958769,5.15112039923757e-08,0.0169039772418693,3.04728308937782e-06,364.69091774081,306.025946873843,1,1,0,72,74,20.9430763676949,1616.27175108129,17.6051342090786,1358.6413025271,,193144.701889544,,126930.405563599
GNAS,ROS1,,,,,,,,,,,,,1,0,0,73,74,,,,,,,,
GNAS,SF3B1,367.974186819398,869.66384117343,0.001,0.001,0.991155963977893,0.978262474549557,0.969611676046857,6.14481332850223e-08,0.0308745639510184,1.9902510488086e-06,364.690917740789,860.127605371454,1,2,0,71,74,20.9957743386403,1620.34232112986,144.602818378588,2685.76412070586,,99963.6570398012,,132045.298958205
GNAS,SMAD4,385.132419044104,2548.91919637193,0.001,0.001,0.947277583500942,0.917069988133615,0.868745576412088,1.61649383510765e-07,0.0990758996470273,1.63157119023561e-06,364.69091774081,2516.7393483453,1,7,0,66,74,21.9731921061673,1696.32218727133,1094.72722183105,4933.22039241226,,13999.8204084676,,94827.8509422322
GNAS,TP53,0.001,1836.07755391577,2460.41597725714,1176.02470838656,1,0.999999935438931,0.28363122457927,0.892929464641626,0.259911014012958,3.43551991450855,364.690917740218,1835.80904331709,0,17,1,56,74,,908.357976836713,1111.47703731696,2825.38078201482,139.005443619905,11257.8702033404,,
IDH2,KMT2C,2528.82311593333,579.868577783311,0.001,0.001,0.987626621917222,0.982871565052619,0.970711229360846,4.1187986351849e-08,0.0377935290433172,1.08981583341003e-06,2497.33029488685,576.506898672438,1,3,0,70,74,144.285479319014,11135.0357710667,144.19092088406,1503.98025239577,,464267.431492764,,112685.117911248
IDH2,KRAS,2693.474645531,16063.5921578072,0.001,0.001,0.927491928800187,0.915722171655754,0.849355392063801,3.8746801087064e-08,0.158969516560396,2.43737302128256e-07,2497.33029488685,15930.2202225422,1,11,0,62,74,153.669045707559,11863.952895038,8336.20863922899,27535.6125971916,,68361.2634071227,,589071.313629947
IDH2,MED12,2531.77846246331,299.752772704468,0.001,0.001,0.986437901720981,0.993742303944209,0.980265539752204,2.44121257299713e-08,0.012763880559992,1.91259434113559e-06,2497.33029488685,297.867235811976,1,1,0,72,74,144.455389784359,11149.0842765908,17.1034786618007,1319.92223416312,,621041.34441678,,161243.423549774
IDH2,NF1,2553.6498351551,817.405117331269,0.001,0.001,0.97801663829917,0.983063425923622,0.961454152590307,3.23132947274707e-08,0.0385330096630814,8.38587356918298e-07,2497.33029491362,812.710687779919,1,3,0,70,74,145.703288045454,11245.2436217324,203.26636348147,2119.89206203062,,247085.863023327,,160678.874158456
IDH2,NRAS,,,,,,,,,,,,,1,0,0,73,74,,,,,,,,
IDH2,PBRM1,0.001,615.465171204342,509107.665339313,1568012.55889683,0.724501290531078,0.999999364654884,0.0122453753681896,1.23679745624102,0.0251235944596416,49.2285233399944,2497.33029491362,615.154863545168,0,1,1,72,74,,8428.64439385843,102.33793022043,1900.51173367954,23444.1892744971,8385053.07533781,,
IDH2,PIK3CA,2525.94508072694,995.47362302187,0.001,0.001,0.972487817656707,0.983727504393098,0.97263575928808,2.68206070052832e-08,0.037303638774432,7.18980986478619e-07,2497.33029488685,989.995686924205,1,3,0,70,74,144.1250134995,11122.4640925292,247.535847832204,2581.94599607233,,490468.595737099,,203840.986518219
IDH2,POLE,2511.35051022132,213.8698411533,0.001,0.001,0.99444021832475,0.994020987001712,0.98849463965476,3.24314234521547e-08,0.012577056373206,2.57861796033977e-06,2497.33029491362,212.586197804821,1,1,0,72,74,143.292630133139,11058.083996312,12.2029341950106,941.742656509747,,1521135.42835171,,120460.951856005
IDH2,PTPRT,,,,,,,,,,,,,1,0,0,73,74,,,,,,,,
IDH2,RASA1,2531.76906707971,307.735274503069,0.001,0.001,0.986444289591161,0.99448298528199,0.98100243836277,2.38054863252457e-08,0.0127499860108292,1.86709901524806e-06,2497.33029488685,306.025946873843,1,1,0,72,74,144.454173793521,11148.9904227132,17.5588113504163,1355.03048791571,,621666.585974496,,187975.868450741
IDH2,ROS1,,,,,,,,,,,,,1,0,0,73,74,,,,,,,,
IDH2,SF3B1,2530.62044129294,864.898537024096,0.000999999999976353,0.001,0.986913423686396,0.989104716255363,0.976161342483898,1.91597003117595e-08,0.0240708656865774,7.95970554662829e-07,2497.33029488685,860.12760537155,1,2,0,71,74,144.387407997241,11143.0590666488,143.808474583173,2670.77348313429,,454720.940760893,,266010.541854217
IDH2,SMAD4,2596.02146868567,2532.22052572824,0.001,0.001,0.962127561573153,0.958961204448847,0.922650781953307,3.66337790796978e-08,0.0881304248050722,4.15676869375415e-07,2497.33029488435,2516.7393483453,1,7,0,66,74,148.119103925798,11432.3297332621,1087.6416727182,4900.24836327941,,133551.07237545,,200163.424154932
IDH2,TP53,2839.19565229328,1850.66386406984,0.001,0.001,0.880051152900349,0.873906571836734,0.769156643642778,1.26938106026486e-07,0.236764010100931,5.36137675537652e-07,2497.33029488685,1835.80904331323,1,18,0,55,74,161.972620456041,12508.7856973636,1120.17224261592,2848.29131655635,,40682.447539991,,43279.3291753472
KMT2C,KRAS,627.23595376874,14660.3899482941,0.001,108645.496302224,0.922200452307579,0.719859527103934,0.560921340461209,1.16408000445036,0.42881444739362,2.71464735277873,576.506898672955,15930.2202242322,2,10,1,61,74,155.929822386599,1627.78032338058,7341.71046669179,25735.4622804548,,7272.98079392313,5663.53039346951,822150.869403235
KMT2C,MED12,579.279624126022,304.478805598354,0.001,0.001,0.98594168337996,0.978354038737423,0.964601823036212,1.15372830122211e-07,0.0443530836337093,2.60123582556333e-06,576.506898674456,297.867235812778,3,1,0,70,74,144.04572116171,1502.4457247146,17.3725413878544,1340.82424693484,,137623.035691984,,30380.6149889533
KMT2C,NF1,588.337204033456,830.13037431591,0.001,0.001,0.941613137647836,0.938962617181812,0.884157259908318,2.0084473557197e-07,0.130602535786717,1.5378318220403e-06,576.506898671447,812.710687779919,3,3,0,68,74,146.2913157506,1526.0855277066,206.42111046313,2153.1076861333,,21007.6622412563,,28386.516388457
KMT2C,NRAS,,,,,,,,,,,,,3,0,0,71,74,,,,,,,,
KMT2C,PBRM1,585.721953720748,627.916974139632,0.001,0.001,0.954084677024238,0.960006716118153,0.915935893966658,1.53380123294952e-07,0.0884251605907695,1.73457556955755e-06,576.506898672438,615.154863544753,3,2,0,69,74,145.641537817354,1519.29448308842,104.403847766251,1939.16858286849,,29480.8915092934,,33216.1922199159
KMT2C,PIK3CA,592.414788456463,1015.313557221,0.001,0.001,0.856100493188847,0.928053800603191,0.856230723216132,1.92135001081915e-07,0.134287154583328,1.43077721527483e-06,576.506898673394,989.995686926953,3,3,0,68,74,147.299156256809,1536.79621930918,252.450376744214,2633.8291336181,,15681.496374466,,29308.8884775088
KMT2C,POLE,582.80086973979,217.743892750952,0.001,0.001,0.968334164359131,0.976445777996539,0.945530384883126,1.44492116301367e-07,0.0437902346908647,3.29964242761893e-06,576.506898673551,212.586197804593,3,1,0,70,74,144.916135054598,1511.69307700504,12.4236481658499,958.890264865542,,60123.610384351,,19698.8027396455
KMT2C,PTPRT,,,,,,,,,,,,,3,0,0,71,74,,,,,,,,
KMT2C,RASA1,579.269226686197,311.262852209739,0.001,0.001,0.985948724010735,0.98322747488892,0.969413142136465,1.13846591193352e-07,0.0446069809179999,2.55221467246649e-06,576.506898674456,306.025946873843,3,1,0,70,74,144.043055831392,1502.41792281068,17.7598500810594,1370.62813847308,,137766.876062649,,40753.6182776066
KMT2C,ROS1,,,,,,,,,,,,,3,0,0,71,74,,,,,,,,
KMT2C,SF3B1,584.025629246057,881.440655153272,0.001,0.001,0.962436728052803,0.952493307262362,0.916722985992291,1.33758987399006e-07,0.0893230934920349,1.4974737458117e-06,576.506898673551,860.127605371454,3,2,0,69,74,145.222148626705,1514.83027766078,146.55437231601,2722.25745340886,,35719.5308031027,,39136.6193227041
KMT2C,SMAD4,611.779709763256,2601.43457836897,0.001,0.001,0.839223413109769,0.798607157179169,0.670373949827406,3.43487511850205e-07,0.302628674283643,1.13501310694791e-06,576.506898672522,2516.73934832748,3,7,0,64,74,152.097402047344,1587.39204500934,1117.11271906311,5036.17676462883,,6801.63458892151,,24491.7281868792
KMT2C,TP53,667.437135836118,1763.55087650691,0.001,5425.0506757451,0.973882755381173,0.942571336060993,0.90906216500438,1.04180325703088,0.761638304301575,1.36784514532291,576.506898673139,1835.80904332987,2,17,1,54,74,165.884475936909,1732.93805730899,1050.75992372148,2745.73433461201,,4757.96474246164,288.334321120737,36415.7216206037
KRAS,MED12,16169.1754914829,329.681220111138,0.000999999999976353,0.001,0.854770681805951,0.904074385416625,0.772842351770116,2.65861904326066e-07,0.14838214732719,1.7917378142522e-06,15930.2202225264,297.867235812382,11,1,0,62,74,8389.97225706055,27721.7164139219,18.8076656741912,1452.58997319459,,319851.036535222,,6158.07425228453
KRAS,NF1,16297.1379896253,895.967237283249,0.001,0.001,0.786244784168574,0.748913316947566,0.589020688606207,3.02909658942557e-07,0.440921679400613,6.8699198314388e-07,15930.2202227552,812.710687782166,11,3,0,60,74,8457.48062060834,27943.2598789859,222.691076430453,2325.11620479326,,143419.66559025,,5820.29227904028
KRAS,NRAS,,,,,,,,,,,,,11,0,0,63,74,,,,,,,,
KRAS,PBRM1,16113.043153406,680.467697236662,0.001,0.001,0.888070647854942,0.81821209459152,0.726704080762258,2.55822982889523e-07,0.289140843535072,8.84769442330591e-07,15930.2202228255,615.154863544753,11,2,0,61,74,8361.78909045979,27620.8082729437,113.110443232665,2102.91047052586,,330856.327304303,,6380.82479021191
KRAS,PIK3CA,16218.0097220934,1090.66258215699,0.001,0.001,0.829212179549733,0.750177165135069,0.622232870708418,2.45597873741246e-07,0.432678970835237,5.67621470641727e-07,15930.2202228034,989.995686925409,11,3,0,60,74,8415.95034445244,27802.4105129092,271.106896249908,2831.03236898895,,186951.633038961,,7127.33490503019
KRAS,POLE,15932.0336356446,0.001,235.056435194567,2626.72593346422,1,1,0.160491476968982,0.86813197554492,0.143806339067383,6.03681298873859,15930.2202245958,212.586197804869,10,0,1,63,74,8268.58835805588,27306.9953941434,,443.55792691933,,,147.511254776488,12331.6688379382
KRAS,PTPRT,,,,,,,,,,,,,11,0,0,63,74,,,,,,,,
KRAS,RASA1,16169.2676970547,339.282181307471,0.001,0.001,0.854836870368467,0.902500467277781,0.771552122025489,2.58515262668846e-07,0.148135160630114,1.74513101122795e-06,15930.2202225264,306.025946874233,11,1,0,62,74,8389.96784283162,27721.7025937749,19.3552158636992,1494.96538093013,,320188.81786157,,6235.62745506599
KRAS,ROS1,,,,,,,,,,,,,11,0,0,63,74,,,,,,,,
KRAS,SF3B1,14581.1565327544,943.482052425601,163322.517086555,0.001,0.785542547337692,0.970317367992452,0.450761414826283,0.999228463185598,0.280715168590296,3.55958129446141,15930.2202245418,860.12760537155,10,1,1,62,74,7302.54789079739,25594.0957193073,156.836851304511,2915.40056047923,8020.76854319632,2468479.85258692,,16412.5233147902
KRAS,SMAD4,16641.0071771429,2770.68472052217,0.001,0.001,0.632901109318947,0.518580114692484,0.328709440472727,2.51666459193112e-07,0.998477351197631,2.52050243194048e-07,15930.2202224011,2516.73934832931,11,7,0,56,74,8633.93215090464,28534.5007860663,1189.30960864627,5367.21018613174,,71066.8891327312,,7872.00502770266
KRAS,TP53,7969.73086400092,1924.54157063319,85636.0388353583,0.001,0.496588213674794,0.918135184138925,0.041909345746026,6.10851143761351,2.62930701737175,2.32324007704493,15930.220223051,1835.80904331444,5,12,6,51,74,2855.82287073509,17151.2264230134,1164.5799852777,2963.06786226849,32447.2429029383,191348.081594795,,10862.0786183168
MED12,NF1,302.72673767471,818.682418432916,0.001,0.001,0.984028475349962,0.978459862075276,0.96283411625427,1.07737657104728e-07,0.0459752009893658,2.34338632102225e-06,297.867235811976,812.710687779919,1,3,0,70,74,17.272728875281,1333.04352007417,203.582629115904,2123.2416041395,,41456.0801338697,,125778.522024914
MED12,NRAS,,,,,,,,,,,,,1,0,0,73,74,,,,,,,,
MED12,PBRM1,300.948548348904,618.377430225961,0.001,0.001,0.989800995744483,0.989658323132089,0.979565279132455,8.0151738818951e-08,0.0316522651800951,2.53225917206568e-06,297.867235811976,615.154863544753,1,2,0,71,74,17.1714218286056,1325.18153669077,102.821245677507,1909.55161451273,,69807.0575692623,,200454.091404189
MED12,PIK3CA,305.137283684627,993.982782351731,0.001,0.001,0.964620127387278,0.988239619551621,0.964766872113687,1.00307146271364e-07,0.045028236236942,2.22764990712806e-06,297.867235811976,989.995686927071,1,3,0,70,74,17.4099400876722,1343.75866529623,247.166951990491,2578.05260563348,,27921.3502184879,,283084.301187325
MED12,POLE,301.727900114425,213.955668572138,0.001,0.001,0.987250398988594,0.99364681451725,0.980978706886379,6.0117416889223e-08,0.0146847315699828,4.09387237367753e-06,297.867235811976,212.58619780463,1,1,0,72,74,17.2156030092174,1328.69707459218,12.2078134164124,942.122412205779,,78804.2561190832,,113304.490258738
MED12,PTPRT,,,,,,,,,,,,,1,0,0,73,74,,,,,,,,
MED12,RASA1,297.866881981399,0.001,134816598.160118,117180847.566571,1,0.839212855717782,0.00537252237715635,1.000392903759,0.01631347452269,61.3231045518583,297.867235811976,306.025946873843,0,0,1,73,74,16.9949703497249,1311.57288647618,,989.241500173196,,,6802.80144788859,
MED12,ROS1,,,,,,,,,,,,,1,0,0,73,74,,,,,,,,
MED12,SF3B1,301.046306103763,864.335995109878,0.001,0.001,0.989478133714362,0.990340714135358,0.979920954718081,6.96092409839446e-08,0.0303425245154766,2.29411501170377e-06,297.867235812778,860.127605371454,1,2,0,71,74,17.1769909094595,1325.61367466872,143.717991803197,2669.07611088983,,67310.9613854825,,300246.034442676
MED12,SMAD4,313.401332129254,2531.75207255518,0.001,0.001,0.950615553293227,0.960399845649616,0.912981831096041,1.92222898501293e-07,0.0992084068805259,1.93756662913439e-06,297.867235811976,2516.73934832773,1,7,0,66,74,17.8808539217802,1380.28326750322,1087.45344342946,4899.3767823012,,12179.2981768293,,207664.073571992
MED12,TP53,350.855843864648,1850.34606131738,0.000999999999976353,0.001,0.849536488255714,0.878620430786709,0.74651934652738,5.43873156094721e-07,0.256731343211408,2.11845250093544e-06,297.867235812846,1835.80904331323,1,18,0,55,74,20.0136766281753,1546.4593081675,1119.9888020229,2847.78477972611,,3867.79138998922,,45181.270788046
NF1,NRAS,,,,,,,,,,,,,3,0,0,71,74,,,,,,,,
NF1,PBRM1,821.600229618609,626.470241615814,0.001,0.001,0.968192652984382,0.964391440817553,0.933721093963096,1.35134808310414e-07,0.0919404660866908,1.46980773605166e-06,812.710687779919,615.15486354303,3,2,0,69,74,204.309402680296,2130.83827990288,104.163865107742,1934.66554052128,,59523.0346027289,,37680.5816490635
NF1,PIK3CA,830.961138880748,1008.75805932308,0.001,0.000999999999976353,0.885447391321513,0.945959757104304,0.885582088889893,1.52521269435393e-07,0.131267459877325,1.16191224830534e-06,812.710687779919,989.995686927643,3,3,0,68,74,206.625958700801,2155.30061764748,250.830221814642,2616.60552740241,,27263.6531731987,,39234.2232974882
NF1,POLE,823.76046585441,216.730884084885,0.001,0.001,0.960682224549063,0.981022596617812,0.94245495485776,1.3082128250087e-07,0.0429928467942356,3.04286159804635e-06,812.710687779919,212.586197803358,3,1,0,70,74,204.83539577113,2136.62506961108,12.3659905228579,954.389851865274,,67790.4942203439,,24418.2421099884
NF1,PTPRT,,,,,,,,,,,,,3,0,0,71,74,,,,,,,,
NF1,RASA1,818.682390788758,311.419625740783,0.001,0.001,0.978469789306645,0.982752018347168,0.961594895574244,1.08827432774607e-07,0.0473207214014748,2.29978389068293e-06,812.710687779919,306.025946873827,3,1,0,70,74,203.582704463376,2123.24238942768,17.768771495355,1371.32092883002,,125904.856192602,,39464.2954354717
NF1,ROS1,,,,,,,,,,,,,3,0,0,71,74,,,,,,,,
NF1,SF3B1,822.136551056963,875.756562310379,0.001,0.001,0.966309588791169,0.964830269993137,0.932329412684933,1.09350238491511e-07,0.0887952554893354,1.23148740198899e-06,812.710687779919,860.127605371454,3,2,0,69,74,204.441956524179,2132.24499408854,145.61241334596,2704.49770691804,,56607.7881577067,,53000.867135917
NF1,SMAD4,843.513351382885,1810.07583040062,0.001,75002.911992719,0.985907716896487,0.841526435499075,0.0366399613254193,2.04262291751776,0.293305949098778,6.96413735825678,812.710687779615,2516.73934835831,1,5,2,66,74,209.741222248444,2188.00516234947,648.90486501473,3892.40745063575,,29321.7275552566,9614.06844255628,1168166.30412471
NF1,TP53,941.103183471135,1760.12812050776,0.001,6071.09097419509,0.941763715328076,0.877822691701108,0.845304929864155,1.12574009081423,0.759690893556003,1.48183965394768,812.710687780952,1835.8090433126,2,17,1,54,74,233.905264087079,2443.38680022529,1048.75797950826,2740.28223196241,,6590.46064028771,321.661942889077,41261.2016390769
NRAS,PBRM1,,,,,,,,,,,,,0,2,0,72,74,,,,,,,,
NRAS,PIK3CA,,,,,,,,,,,,,0,3,0,71,74,,,,,,,,
NRAS,POLE,,,,,,,,,,,,,0,1,0,73,74,,,,,,,,
NRAS,PTPRT,,,,,,,,,,,,,0,0,0,74,74,,,,,,,,
NRAS,RASA1,,,,,,,,,,,,,0,1,0,73,74,,,,,,,,
NRAS,ROS1,,,,,,,,,,,,,0,0,0,74,74,,,,,,,,
NRAS,SF3B1,,,,,,,,,,,,,0,2,0,72,74,,,,,,,,
NRAS,SMAD4,,,,,,,,,,,,,0,7,0,67,74,,,,,,,,
NRAS,TP53,,,,,,,,,,,,,0,18,0,56,74,,,,,,,,
PBRM1,PIK3CA,396.455490638982,907.526030211232,13160.2029592698,12927.3292969679,0.959661243965191,0.980978945912127,0.139475031288606,1.0092643931167,0.0884955427806474,11.4046918229357,615.154863544753,989.995686924205,1,2,1,70,74,23.5629407177333,1628.03181886404,180.781775108027,2489.70605781012,,127130.647478052,,372227.709983797
PBRM1,POLE,624.371703377277,215.884592262504,0.001,0.001,0.9708669312944,0.984831981324742,0.956142910358521,9.46962724398398e-08,0.0292347620573386,3.23916686081148e-06,615.154863539107,212.586197803358,2,1,0,71,74,103.813400501989,1928.33856924447,12.3177472520943,950.664147010826,,70058.8695167519,,33414.0716156664
PBRM1,PTPRT,,,,,,,,,,,,,2,0,0,72,74,,,,,,,,
PBRM1,RASA1,618.374288114345,308.68702374232,0.001,0.001,0.989663233479268,0.99141161857387,0.981163996715065,8.11609696515364e-08,0.032637285907082,2.4867560949339e-06,615.154863544753,306.025946873843,2,1,0,71,74,102.82071288708,1909.54171949897,17.6130683813501,1359.22741511092,,200657.772636135,,85813.20045027
PBRM1,ROS1,,,,,,,,,,,,,2,0,0,72,74,,,,,,,,
PBRM1,SF3B1,622.081518569185,873.696450425127,0.001,0.001,0.977994617119394,0.969346038553166,0.948017452629253,8.63900260319236e-08,0.0604112494125688,1.43003210282802e-06,615.154863544753,860.127605371454,2,2,0,70,74,103.43612760735,1921.04202518758,145.269908052547,2698.18606305831,,66100.5160978565,,66856.1377789968
PBRM1,SMAD4,379.059246226818,2472.41553862038,5471.52002731422,8943.99790093157,0.885497796046008,0.992110658246703,0.332881917219831,0.990430537404532,0.19523432094718,5.07303496946363,615.15486354303,2516.73934829378,1,6,1,66,74,21.9884363785337,1610.13580715084,1031.43377105625,4841.63424155344,,31498.931714025,,335575.648709705
PBRM1,TP53,722.013764290375,1867.25542981093,0.001,0.001,0.727388886725148,0.755918652862466,0.550091148464814,6.13814123751055e-07,0.508067728041298,1.20813444718764e-06,615.154863539107,1835.80904330617,2,18,0,54,74,119.998181833868,2232.15663641978,1130.10013092684,2874.22152512652,,4078.23209323382,,15013.2750247031
PIK3CA,POLE,1001.41185689657,218.244961370758,0.001,0.001,0.966615115386051,0.941551400458636,0.941694635167293,1.29826187739504e-07,0.0443310241303609,2.92856279064823e-06,989.995686923286,212.586197803358,3,1,0,70,74,249.003012125456,2597.55572924074,12.4521916560779,961.116054225954,,97778.086680621,,17902.9577667515
PIK3CA,PTPRT,,,,,,,,,,,,,3,0,0,71,74,,,,,,,,
PIK3CA,RASA1,993.972462179677,312.492979269839,0.001,0.001,0.988245397425645,0.967706932766596,0.967854147079254,9.91252558438238e-08,0.0454419184325868,2.18136159878189e-06,989.995686927071,306.025946873827,3,1,0,70,74,247.164143968765,2578.02331166192,17.8298067632551,1376.10611745149,,283378.237968247,,33751.1440248536
PIK3CA,ROS1,,,,,,,,,,,,,3,0,0,71,74,,,,,,,,
PIK3CA,SF3B1,1001.75958343785,884.371435575093,0.001,0.001,0.965782614469979,0.91370057405056,0.913839571850172,1.02012542292163e-07,0.0908467376165106,1.12290815244006e-06,989.995686930118,860.127605380892,3,2,0,69,74,249.095017889825,2598.33300270283,147.039769182635,2731.39737972403,,67260.9693426985,,34189.2293638878
PIK3CA,SMAD4,694.404854318082,2567.4597639615,6270.96707826844,0.001,0.894782604626661,0.996348128909506,0.562412985652723,0.923919671141762,0.307076666916861,3.00875895397127,989.995686918694,2516.73934832825,2,6,1,65,74,115.428287162113,2144.89994212476,1102.82498578227,4969.40269285905,348.282814271247,30991.6465367348,,73344.8378765973
PIK3CA,TP53,1151.93834472136,1768.01826884565,0.001,4889.31652707193,0.981399753944598,0.94720064711122,0.947344720264532,0.969548372779663,0.762816488898965,1.27101129418308,989.995686919918,1835.80904331802,2,17,1,54,74,286.27973697751,2991.3747852913,1053.34650015189,2752.97374213913,,7959.82828362592,260.071097854759,33117.0766322033
POLE,PTPRT,,,,,,,,,,,,,1,0,0,73,74,,,,,,,,
POLE,RASA1,213.957720286427,311.004492750087,0.001,0.001,0.993649688420099,0.984050946312055,0.977802485441329,5.96738208421752e-08,0.014708193577601,4.05718217722208e-06,212.58619780463,306.025946874233,1,1,0,72,74,12.2079053597858,942.129506750849,17.744678349718,1369.60238650583,,113417.067467197,,64605.8351445724
POLE,ROS1,,,,,,,,,,,,,1,0,0,73,74,,,,,,,,
POLE,SF3B1,215.086075323411,870.598957118797,0.001,0.001,0.988464662812322,0.976224688231847,0.964964962206564,8.83095133319325e-08,0.0295093622761779,2.99259307962824e-06,212.58619780468,860.127605380892,1,2,0,71,74,12.2722560975461,947.11483590267,144.754597012626,2688.64643066758,,43496.7692481888,,120559.43633559
POLE,SMAD4,225.151569178927,2539.95785436856,0.001,0.001,0.944459015409438,0.939518196955913,0.887356195797523,2.63494413350884e-07,0.0998851764267674,2.63797314853891e-06,212.58619780438,2516.73934831787,1,7,0,66,74,12.8456681992042,991.675453138263,1090.92958602165,4915.45723321126,,7706.11647342449,,133087.122745998
POLE,TP53,248.030953734576,1858.70666024224,0.001,0.001,0.857841078651139,0.813344917464096,0.697863840142742,7.15470116152694e-07,0.252289850737638,2.83590526555398e-06,212.586197804763,1835.80904331323,1,18,0,55,74,14.1491149372716,1093.06511109099,1124.93189867304,2861.04312555715,,2919.41943110677,,27275.9754570699
PTPRT,RASA1,,,,,,,,,,,,,0,1,0,73,74,,,,,,,,
PTPRT,ROS1,,,,,,,,,,,,,0,0,0,74,74,,,,,,,,
PTPRT,SF3B1,,,,,,,,,,,,,0,2,0,72,74,,,,,,,,
PTPRT,SMAD4,,,,,,,,,,,,,0,7,0,67,74,,,,,,,,
PTPRT,TP53,,,,,,,,,,,,,0,18,0,56,74,,,,,,,,
RASA1,ROS1,,,,,,,,,,,,,1,0,0,73,74,,,,,,,,
RASA1,SF3B1,309.09886415403,864.336321441778,0.001,0.001,0.990098737883197,0.99034526632506,0.980539997025115,6.91787061324681e-08,0.0307568538090946,2.24921269782192e-06,306.025946873843,860.127605371454,1,2,0,71,74,17.636397281007,1361.04678535595,143.717472227847,2669.06646123791,,76689.6806596733,,300549.6500007
RASA1,SMAD4,322.118892870421,2531.74872469041,0.001,0.001,0.950214828801902,0.960418717311179,0.912614059433304,1.84973501987651e-07,0.0977887545983464,1.89156209982839e-06,306.025946873689,2516.73934832773,1,7,0,66,74,18.3780905185567,1418.6684555722,1087.45066077066,4899.36425188743,,12444.005848555,,207880.190469841
RASA1,TP53,359.397188865744,1850.38909538261,0.001,0.001,0.852020448224411,0.878683136895064,0.748746318619447,5.34971593413314e-07,0.25823803046644,2.07162203199516e-06,306.025946873843,1835.80904331323,1,18,0,55,74,20.500779938217,1584.07186547139,1119.97877043698,2847.7590730165,,4043.47836315787,,45233.6228513591
ROS1,SF3B1,,,,,,,,,,,,,0,2,0,72,74,,,,,,,,
ROS1,SMAD4,,,,,,,,,,,,,0,7,0,67,74,,,,,,,,
ROS1,TP53,,,,,,,,,,,,,0,18,0,56,74,,,,,,,,
SF3B1,SMAD4,913.675135609857,2554.33868477205,0.001,0.001,0.886869594607072,0.783344916858109,0.802281357043606,1.66518437413887e-07,0.203044173021057,8.20109412332745e-07,860.127605379889,2516.73934829474,2,7,0,65,74,151.89964506733,2822.49552395318,1097.08084490123,4943.49904893923,,14855.0585130939,,59914.8391994643
SF3B1,TP53,1011.2653256027,1866.61947125272,0.001,0.001,0.724931165106637,0.760387956609457,0.551476108111471,4.84765512759333e-07,0.505198223735691,9.59555061723559e-07,860.127605368501,1835.80904331323,2,18,0,54,74,168.072220427167,3126.36748696304,1129.72216675764,2873.22014866994,,5643.66253203589,,15366.0939373834
SMAD4,TP53,2605.28433073927,1789.26635290354,1950.32420151608,2705.01835752832,0.999546532313871,0.998068601031189,0.985984673285087,1.91580150347294,1.7409463290702,1.10043685522237,2516.73934833116,1835.80904331385,5,16,2,51,74,998.56889338885,5305.18713874926,1051.19007064427,2811.32695669892,,13368.7454995159,,12836.0087547391
