File ID	File Name	Data Category	Data Type	Project ID	Case ID	Sample ID	Sample Type
c33ea7d1-28c1-46c6-a954-e75ec77a34ab	TCGA-CHOL.feba63a7-a670-475f-8077-9739e0bf30f8.ascat3.gene_level_copy_number.v36.tsv	Copy Number Variation	Gene Level Copy Number	TCGA-CHOL	TCGA-W5-AA30, TCGA-W5-AA30	TCGA-W5-AA30-01A, TCGA-W5-AA30-10A	Primary Tumor, Blood Derived Normal
3ff36281-b4f6-4b2d-abcf-a23df0d46023	TCGA-CHOL.5150963b-02e2-4715-bcfa-136a450b5547.ascat3.gene_level_copy_number.v36.tsv	Copy Number Variation	Gene Level Copy Number	TCGA-CHOL	TCGA-W5-AA2R, TCGA-W5-AA2R	TCGA-W5-AA2R-10A, TCGA-W5-AA2R-01A	Blood Derived Normal, Primary Tumor
fa07ed3b-28ee-48b9-adf0-458b67534c9b	TCGA-CHOL.503efef1-62b1-4f49-9696-0ad297b9139b.ascat3.gene_level_copy_number.v36.tsv	Copy Number Variation	Gene Level Copy Number	TCGA-CHOL	TCGA-YR-A95A, TCGA-YR-A95A	TCGA-YR-A95A-10A, TCGA-YR-A95A-01A	Blood Derived Normal, Primary Tumor
ef95bfd3-ff6d-4902-b65f-8526d34d3d70	TCGA-CHOL.55309aec-7f38-461f-bb28-7ce97614827b.ascat3.gene_level_copy_number.v36.tsv	Copy Number Variation	Gene Level Copy Number	TCGA-CHOL	TCGA-ZH-A8Y4, TCGA-ZH-A8Y4	TCGA-ZH-A8Y4-01A, TCGA-ZH-A8Y4-10A	Primary Tumor, Blood Derived Normal
a75acd2a-2e08-4559-a32d-061172a2d8cd	TCGA-CHOL.d42bef4d-57f2-4dc5-8a1f-7da3363da362.ascat3.gene_level_copy_number.v36.tsv	Copy Number Variation	Gene Level Copy Number	TCGA-CHOL	TCGA-W5-AA2X, TCGA-W5-AA2X	TCGA-W5-AA2X-10A, TCGA-W5-AA2X-01A	Blood Derived Normal, Primary Tumor
d85a41a3-8c43-43e4-b9d8-160b63285008	TCGA-CHOL.b3c68473-78a7-44d2-95bf-7997a7e6c0e8.ascat3.gene_level_copy_number.v36.tsv	Copy Number Variation	Gene Level Copy Number	TCGA-CHOL	TCGA-W5-AA33, TCGA-W5-AA33	TCGA-W5-AA33-10A, TCGA-W5-AA33-01A	Blood Derived Normal, Primary Tumor
30347b02-b585-40f9-a204-6ecfacdc0b1d	TCGA-CHOL.a9abae69-e82c-46f5-a1e4-6c8045c6a1de.ascat3.gene_level_copy_number.v36.tsv	Copy Number Variation	Gene Level Copy Number	TCGA-CHOL	TCGA-W5-AA2W, TCGA-W5-AA2W	TCGA-W5-AA2W-01A, TCGA-W5-AA2W-10A	Primary Tumor, Blood Derived Normal
b915c1a0-828c-49cc-b1d8-d7f856e955b0	TCGA-CHOL.2bb39c53-bb3f-49af-bf8a-41994a1e5287.ascat3.gene_level_copy_number.v36.tsv	Copy Number Variation	Gene Level Copy Number	TCGA-CHOL	TCGA-ZD-A8I3, TCGA-ZD-A8I3	TCGA-ZD-A8I3-10A, TCGA-ZD-A8I3-01A	Blood Derived Normal, Primary Tumor
7ee97963-6da4-4cc3-9ff0-080bd8d7b0c6	TCGA-CHOL.fd7543b9-1dc4-455e-916e-ffce01532ee7.ascat3.gene_level_copy_number.v36.tsv	Copy Number Variation	Gene Level Copy Number	TCGA-CHOL	TCGA-W5-AA2T, TCGA-W5-AA2T	TCGA-W5-AA2T-10A, TCGA-W5-AA2T-01A	Blood Derived Normal, Primary Tumor
1c078960-6fc1-4ca6-947d-0c26645cf796	TCGA-CHOL.94a804fd-a6cd-44ab-9f2b-34df3e49ab6f.ascat3.gene_level_copy_number.v36.tsv	Copy Number Variation	Gene Level Copy Number	TCGA-CHOL	TCGA-W5-AA2G, TCGA-W5-AA2G	TCGA-W5-AA2G-01A, TCGA-W5-AA2G-10A	Primary Tumor, Blood Derived Normal
78383080-9822-4616-be0f-016022fcf801	TCGA-CHOL.b2d6a644-b31f-4fdd-96a2-91ee01ef3819.ascat3.gene_level_copy_number.v36.tsv	Copy Number Variation	Gene Level Copy Number	TCGA-CHOL	TCGA-W5-AA2Z, TCGA-W5-AA2Z	TCGA-W5-AA2Z-01A, TCGA-W5-AA2Z-11A	Primary Tumor, Solid Tissue Normal
84dc69b4-b710-48de-ab14-4dc3af687e81	TCGA-CHOL.3e685778-e314-40de-a8e3-b506c8ba6039.ascat3.gene_level_copy_number.v36.tsv	Copy Number Variation	Gene Level Copy Number	TCGA-CHOL	TCGA-3X-AAVC, TCGA-3X-AAVC	TCGA-3X-AAVC-01A, TCGA-3X-AAVC-10A	Primary Tumor, Blood Derived Normal
a73cd5c7-81d4-4628-8b51-e500b29fb4a1	TCGA-CHOL.f490c8ff-9017-446a-ae6e-3b198e7a5095.ascat3.gene_level_copy_number.v36.tsv	Copy Number Variation	Gene Level Copy Number	TCGA-CHOL	TCGA-4G-AAZT, TCGA-4G-AAZT	TCGA-4G-AAZT-10A, TCGA-4G-AAZT-01A	Blood Derived Normal, Primary Tumor
f1390e3c-a724-43c5-b13d-72be9f4e4653	TCGA-CHOL.2bc50e9a-7ef6-4bc9-8821-2355cf3d52e0.ascat3.gene_level_copy_number.v36.tsv	Copy Number Variation	Gene Level Copy Number	TCGA-CHOL	TCGA-WD-A7RX, TCGA-WD-A7RX	TCGA-WD-A7RX-10A, TCGA-WD-A7RX-01A	Blood Derived Normal, Primary Tumor
1ef2567e-c64c-4920-9cd2-1e96af860f64	TCGA-CHOL.537059bf-fb96-4455-ae2e-49e599683c51.ascat3.gene_level_copy_number.v36.tsv	Copy Number Variation	Gene Level Copy Number	TCGA-CHOL	TCGA-ZH-A8Y8, TCGA-ZH-A8Y8	TCGA-ZH-A8Y8-10A, TCGA-ZH-A8Y8-01A	Blood Derived Normal, Primary Tumor
089ecd6c-f1a1-4983-a985-11c704f7c9aa	TCGA-CHOL.775f7a01-1e26-4bad-b2f4-e2ecf5947289.ascat3.gene_level_copy_number.v36.tsv	Copy Number Variation	Gene Level Copy Number	TCGA-CHOL	TCGA-ZH-A8Y1, TCGA-ZH-A8Y1	TCGA-ZH-A8Y1-01A, TCGA-ZH-A8Y1-10A	Primary Tumor, Blood Derived Normal
184e4ec7-6887-45fc-9298-0cc4413e21e5	TCGA-CHOL.5031c071-bdf5-4c5e-b5f3-9ff7e906427b.ascat3.gene_level_copy_number.v36.tsv	Copy Number Variation	Gene Level Copy Number	TCGA-CHOL	TCGA-ZH-A8Y2, TCGA-ZH-A8Y2	TCGA-ZH-A8Y2-01A, TCGA-ZH-A8Y2-10A	Primary Tumor, Blood Derived Normal
6cd9b5bb-7524-4d17-82d7-9a231a04ec2b	TCGA-CHOL.f81a2b3c-372a-4bd9-91d0-231fe860a9f2.ascat3.gene_level_copy_number.v36.tsv	Copy Number Variation	Gene Level Copy Number	TCGA-CHOL	TCGA-3X-AAV9, TCGA-3X-AAV9	TCGA-3X-AAV9-10A, TCGA-3X-AAV9-01A	Blood Derived Normal, Primary Tumor
b5d8819c-afe2-4627-a4f0-67507bfb0f3d	TCGA-CHOL.f62b3e34-05d3-4d4a-89ec-f60669dc8180.ascat3.gene_level_copy_number.v36.tsv	Copy Number Variation	Gene Level Copy Number	TCGA-CHOL	TCGA-3X-AAVA, TCGA-3X-AAVA	TCGA-3X-AAVA-01A, TCGA-3X-AAVA-10A	Primary Tumor, Blood Derived Normal
2cb550cc-067a-458f-9705-840e88799bfa	TCGA-CHOL.4b148ff4-e661-497e-baee-afbc481350ed.ascat3.gene_level_copy_number.v36.tsv	Copy Number Variation	Gene Level Copy Number	TCGA-CHOL	TCGA-W5-AA2Q, TCGA-W5-AA2Q	TCGA-W5-AA2Q-01A, TCGA-W5-AA2Q-10A	Primary Tumor, Blood Derived Normal
b30d0679-4c12-45ae-9c83-a0120cbbcfaf	TCGA-CHOL.d8236305-5c49-40ca-9d4b-beab48924997.ascat3.gene_level_copy_number.v36.tsv	Copy Number Variation	Gene Level Copy Number	TCGA-CHOL	TCGA-W5-AA2U, TCGA-W5-AA2U	TCGA-W5-AA2U-10A, TCGA-W5-AA2U-01A	Blood Derived Normal, Primary Tumor
4db80f63-3f8a-4b43-bfe7-b1483777b132	TCGA-CHOL.ffd3f925-4cf3-4aaa-8b4d-1e4e9500f63a.ascat3.gene_level_copy_number.v36.tsv	Copy Number Variation	Gene Level Copy Number	TCGA-CHOL	TCGA-W5-AA2I, TCGA-W5-AA2I	TCGA-W5-AA2I-10A, TCGA-W5-AA2I-01A	Blood Derived Normal, Primary Tumor
81f18b12-d8bc-4d18-9faa-df3217220548	TCGA-CHOL.ed3f3359-89a6-4479-8196-714779adc9ce.ascat3.gene_level_copy_number.v36.tsv	Copy Number Variation	Gene Level Copy Number	TCGA-CHOL	TCGA-W5-AA38, TCGA-W5-AA38	TCGA-W5-AA38-01A, TCGA-W5-AA38-10A	Primary Tumor, Blood Derived Normal
e3e4fa36-f21a-450d-8c89-bcb37a399136	TCGA-CHOL.634b12f9-51f3-4c06-bbf5-162c2519e33a.ascat3.gene_level_copy_number.v36.tsv	Copy Number Variation	Gene Level Copy Number	TCGA-CHOL	TCGA-W5-AA39, TCGA-W5-AA39	TCGA-W5-AA39-10A, TCGA-W5-AA39-01A	Blood Derived Normal, Primary Tumor
12a169b9-11f6-4874-8729-b6cef4aa5d3f	TCGA-CHOL.133639c8-d39f-4431-b478-8091e4776fbe.ascat3.gene_level_copy_number.v36.tsv	Copy Number Variation	Gene Level Copy Number	TCGA-CHOL	TCGA-W5-AA34, TCGA-W5-AA34	TCGA-W5-AA34-10A, TCGA-W5-AA34-01A	Blood Derived Normal, Primary Tumor
a91d6034-951e-48e8-a0e5-cccbafae312d	TCGA-CHOL.b8e72a36-c593-4982-8ebb-128d9d1536b3.ascat3.gene_level_copy_number.v36.tsv	Copy Number Variation	Gene Level Copy Number	TCGA-CHOL	TCGA-W5-AA31, TCGA-W5-AA31	TCGA-W5-AA31-10A, TCGA-W5-AA31-01A	Blood Derived Normal, Primary Tumor
58235367-d435-4ecd-b5f9-cd846c8f80f2	TCGA-CHOL.ab43224a-d2a0-42f2-9257-b3364adeb6d3.ascat3.gene_level_copy_number.v36.tsv	Copy Number Variation	Gene Level Copy Number	TCGA-CHOL	TCGA-W6-AA0S, TCGA-W6-AA0S	TCGA-W6-AA0S-10A, TCGA-W6-AA0S-01A	Blood Derived Normal, Primary Tumor
4dbfc307-820b-41e5-acc2-7f91feaa4ffc	TCGA-CHOL.faf9311a-d952-4518-84bb-9a46aebd931c.ascat3.gene_level_copy_number.v36.tsv	Copy Number Variation	Gene Level Copy Number	TCGA-CHOL	TCGA-ZH-A8Y5, TCGA-ZH-A8Y5	TCGA-ZH-A8Y5-01A, TCGA-ZH-A8Y5-10A	Primary Tumor, Blood Derived Normal
acbaf870-86fa-494d-adf8-ebdd0c878184	TCGA-CHOL.3787a76c-f1bc-4c98-8497-6d9040cc1760.ascat3.gene_level_copy_number.v36.tsv	Copy Number Variation	Gene Level Copy Number	TCGA-CHOL	TCGA-4G-AAZO, TCGA-4G-AAZO	TCGA-4G-AAZO-01A, TCGA-4G-AAZO-11A	Primary Tumor, Solid Tissue Normal
8e4b3b43-624e-42a7-9c30-fc6662c17053	TCGA-CHOL.20eaff28-af32-4ac3-93b6-001d50ea23de.ascat3.gene_level_copy_number.v36.tsv	Copy Number Variation	Gene Level Copy Number	TCGA-CHOL	TCGA-ZU-A8S4, TCGA-ZU-A8S4	TCGA-ZU-A8S4-10A, TCGA-ZU-A8S4-01A	Blood Derived Normal, Primary Tumor
5eeceeb8-83f9-4938-8ee1-6dc8c20eb68a	TCGA-CHOL.69bc84d9-acf9-444f-93cf-0d401a3836aa.ascat3.gene_level_copy_number.v36.tsv	Copy Number Variation	Gene Level Copy Number	TCGA-CHOL	TCGA-ZH-A8Y6, TCGA-ZH-A8Y6	TCGA-ZH-A8Y6-10A, TCGA-ZH-A8Y6-01A	Blood Derived Normal, Primary Tumor
ad8e6ee9-e75a-4793-aa0f-ad138c8bada8	TCGA-CHOL.7b705f56-19ae-4740-82f4-c832401fd32d.ascat3.gene_level_copy_number.v36.tsv	Copy Number Variation	Gene Level Copy Number	TCGA-CHOL	TCGA-3X-AAVE, TCGA-3X-AAVE	TCGA-3X-AAVE-10A, TCGA-3X-AAVE-01A	Blood Derived Normal, Primary Tumor
262a45be-6c1e-417f-920f-b65f19f1bda8	TCGA-CHOL.fcf718b5-834b-4624-9980-105f7ebc9f1b.ascat3.gene_level_copy_number.v36.tsv	Copy Number Variation	Gene Level Copy Number	TCGA-CHOL	TCGA-3X-AAVB, TCGA-3X-AAVB	TCGA-3X-AAVB-01A, TCGA-3X-AAVB-10A	Primary Tumor, Blood Derived Normal
c80035dd-1b9b-4327-ab40-e27dcafa20bc	TCGA-CHOL.df8d6b25-985f-476f-a4b3-5d3decf0ea61.ascat3.gene_level_copy_number.v36.tsv	Copy Number Variation	Gene Level Copy Number	TCGA-CHOL	TCGA-W5-AA36, TCGA-W5-AA36	TCGA-W5-AA36-10A, TCGA-W5-AA36-01A	Blood Derived Normal, Primary Tumor
e97396d9-7e3d-4b8c-b007-5f744d906da2	TCGA-CHOL.544016e1-410a-44bd-ba8e-33e0ac627615.ascat3.gene_level_copy_number.v36.tsv	Copy Number Variation	Gene Level Copy Number	TCGA-CHOL	TCGA-W5-AA2H, TCGA-W5-AA2H	TCGA-W5-AA2H-01A, TCGA-W5-AA2H-10A	Primary Tumor, Blood Derived Normal
eb97e04e-f7b8-4633-9ef0-44073c8ae6ae	TCGA-CHOL.45b6fb5b-6907-4ce8-a3e8-78336d4a70e6.ascat3.gene_level_copy_number.v36.tsv	Copy Number Variation	Gene Level Copy Number	TCGA-CHOL	TCGA-W5-AA2O, TCGA-W5-AA2O	TCGA-W5-AA2O-10A, TCGA-W5-AA2O-01A	Blood Derived Normal, Primary Tumor
